native,quick,fastsort,counting,counting1,counting2,counting3,heap,radix,shell,gnome,shaker,lodash,bucket,merge,bubble,sbubble,insertion,selection
1.412,0.946,2.528,0.228,0.242,0.239,0.267,4.973,1.086,1.816,3.244,3.985,6.887,3.342,2.012,4.583,2.609,2.031,6.022
1.633,0.636,1.4,0.153,0.139,0.15,0.311,3.055,0.951,1.684,3.207,3.795,4.514,3.293,1.787,6.11,2.827,2.15,5.585
0.852,0.812,2.118,0.285,0.148,0.156,0.16,3.62,0.958,1.673,3.184,3.743,4.654,3.185,1.893,6.1,2.445,1.925,5.857
1.313,1.45,0.919,0.155,0.151,0.307,0.159,3.19,1.06,1.758,3.061,3.881,7.307,3.111,2.196,4.714,2.648,2.361,5.943
0.784,1.289,1.323,0.153,0.138,0.151,0.166,2.889,0.943,1.931,4.908,4.172,5.977,3.249,1.834,5.095,2.391,2.317,6.435
0.831,0.867,1.718,0.275,0.144,3.306,0.157,4.085,1.005,2.088,3.348,4.202,4.042,2.883,1.834,4.61,2.444,2.171,5.925
1.44,0.905,1.172,0.161,0.141,0.151,0.159,4.045,1.057,1.82,2.861,3.812,6.206,4.34,4.42,5.181,2.393,1.882,5.834
0.824,0.858,2.196,0.147,0.141,0.15,0.164,2.838,0.95,2.204,2.986,3.675,5.057,3.611,1.81,4.373,2.54,2.068,5.839
1.245,0.816,2.358,0.165,0.16,0.288,0.161,2.598,1.212,1.626,4.318,3.7,5.474,3.319,1.944,4.432,2.493,1.964,6.155
1.324,0.855,1.941,0.284,0.153,0.16,0.154,4.678,0.939,1.639,3.086,3.896,5.245,3.154,1.796,5.227,2.372,2.166,5.818
1.671,0.828,3.972,0.167,0.156,0.339,0.283,4.061,1.42,2.009,3.681,4.157,7.77,3.798,1.794,5.008,2.515,2.929,6.193
1.276,0.84,2.077,0.159,0.147,0.188,0.167,4.412,0.965,1.73,3.204,5.402,5.527,3.284,6.204,7.13,3.682,2.549,7.438
1.428,0.827,1.325,0.147,0.142,0.268,0.159,5.371,1.124,2.09,3.657,6.515,8.035,6.833,2.264,7.094,3.054,2.334,7.275
1.147,1.107,3.176,0.191,0.442,0.224,0.257,3.392,2.089,2.084,4.186,4.252,6.974,4.647,2.795,5.178,2.605,1.989,7.199
1.467,0.637,1.705,0.312,0.145,0.174,0.303,6.753,0.988,1.669,2.876,3.953,6.84,3.133,2.486,6.008,3.744,1.906,6.393
1.685,0.881,1.174,0.15,0.218,0.164,0.211,4.681,1.014,1.764,3.087,3.963,6.771,3.173,2.137,6.507,2.875,2.861,12.111
1.235,2.036,1.474,0.317,0.144,0.189,0.251,4.835,1.107,2.073,3.827,4.717,4.258,3.545,1.798,4.316,3.135,2.129,6.335
1.293,1.492,1.609,0.153,0.145,0.173,0.17,4.275,0.961,1.773,3.004,3.995,6.334,3.17,1.864,4.451,2.428,2.353,6.038
0.83,1.004,2.548,0.167,0.279,0.167,0.165,4.118,1.76,2.331,3.334,5.015,5.795,5.045,1.846,4.89,4.302,6.567,14.897
1.405,0.812,2.228,0.349,0.17,0.266,0.167,2.975,1.416,2.101,3.385,3.801,4.229,3.482,3.451,4.769,2.742,2.062,5.685
1.028,0.939,2.115,0.155,0.15,0.166,0.167,5.283,1.073,1.844,3.11,4.057,5.672,3.184,1.864,4.266,2.333,1.933,6.337
1.55,0.848,2.315,0.318,0.155,0.18,0.184,6.431,1.816,2.361,4.997,6.522,8.96,4.094,2.907,5.489,2.577,2.042,7.734
1.781,1.064,3.174,1.7,0.236,0.167,0.172,4.762,1.167,1.929,4.358,4.145,4.687,3.122,1.797,4.741,2.65,2.034,5.501
0.79,1.103,2.001,0.156,0.14,0.155,0.316,3.819,1.192,1.934,3.27,4.71,5.332,3.187,1.978,4.303,2.543,2.048,6.707
1.945,0.841,1.178,0.176,0.297,0.151,0.172,2.444,1.183,3.15,3.12,3.861,6.408,3.025,1.848,4.875,2.401,1.82,6.62
1.338,0.939,0.99,0.153,0.14,0.166,0.3,4.468,1.183,1.805,3.276,3.933,7.494,3.098,1.788,4.477,2.437,1.908,9.379
1.45,0.892,1.763,0.161,0.15,0.158,0.28,2.773,0.948,1.776,3.149,3.621,6.641,3.406,1.915,4.336,2.696,1.874,6.127
1.294,0.834,3.489,0.165,0.149,0.174,0.154,4.009,1.022,1.547,5.453,4.15,4.188,3.391,2.094,5.049,3.265,2.527,6.016
1.327,0.865,2.13,0.147,0.14,0.149,0.192,2.732,0.946,1.709,3.568,3.736,9.582,3.235,2.361,4.363,2.476,2.091,5.756
0.815,1.265,1.841,0.153,0.147,0.169,0.302,2.839,0.943,1.738,3.53,3.579,4.673,2.857,2.517,5.157,3.353,1.813,5.96
1.573,0.827,1.299,0.146,0.152,0.153,0.157,3.252,0.976,1.664,3.358,3.75,8.258,4.42,3.857,4.415,2.514,1.862,5.826
1.348,0.596,3.391,0.248,0.172,0.156,0.16,4.446,0.956,1.67,2.901,3.855,4.678,2.974,1.808,4.134,2.505,1.833,6.18
1.447,0.841,1.543,0.296,0.143,0.15,0.151,4.313,0.961,2.027,3.478,3.914,6.471,3.355,1.846,4.355,2.496,2.748,6.309
1.285,0.818,2.913,0.153,0.153,0.172,0.158,2.605,0.946,1.729,3.06,3.775,7.394,3.088,1.842,5.113,2.732,2.109,5.806
1.282,0.854,1.066,0.287,0.148,0.171,0.321,4.939,0.986,2.028,2.995,3.587,5.63,3.152,2.202,4.278,3.016,1.89,6.081
1.275,0.874,1.08,0.162,0.151,0.151,0.165,3.904,1.037,1.658,3.015,7.829,5.528,3.346,2.649,4.441,2.332,2.008,5.949
1.539,1.569,2.289,0.154,0.146,0.154,0.15,6.003,1.059,1.66,2.989,3.796,5.842,5.753,2.413,4.437,2.354,1.958,6.714
0.802,0.891,1.705,0.16,0.141,0.148,0.246,2.421,0.991,1.617,2.982,4.029,7.49,4.204,4.19,6.018,2.543,1.947,5.782
1.443,0.622,1.743,0.299,0.193,0.154,0.164,2.725,1.016,1.999,3.064,4.903,5.305,3.317,1.903,4.712,2.445,1.95,6.017
1.371,0.851,1.516,0.162,0.35,0.236,0.155,4.261,0.991,1.68,3.114,4.938,8.502,5.245,3.32,6.615,2.407,2.01,5.742
1.247,0.599,2.372,0.146,0.152,0.27,0.303,2.535,1.026,1.652,3.553,3.755,5.529,3.096,1.84,4.357,3.056,1.888,5.877
1.262,0.818,1.62,0.149,0.253,0.158,0.16,2.624,1.018,1.818,3.354,3.955,3.753,3.006,1.9,7.452,2.399,1.935,6.172
1.333,0.85,1.56,0.159,0.148,0.152,0.153,2.542,0.97,1.7,3.152,3.736,5.332,3.051,1.761,4.53,2.438,2.05,5.616
0.814,0.893,1.817,0.282,0.151,0.152,0.159,3.984,0.96,1.772,3.298,4.32,5.922,3.168,1.797,5.421,2.52,2.78,5.787
1.43,0.625,2.441,0.16,0.159,0.15,0.295,3.228,1.017,1.685,3.528,4.027,6.05,3.311,1.913,4.808,2.479,1.959,5.912
1.282,1.063,1.153,0.478,0.152,0.16,0.167,3.36,1.204,1.811,3.102,3.942,6.795,3.334,2.56,4.391,2.424,2.067,5.848
1.455,0.609,3.09,0.153,0.153,0.277,0.168,3.894,0.978,1.641,2.904,3.787,7.782,3.614,1.785,4.813,2.6,3.04,8.423
0.817,0.901,2.534,0.158,0.163,0.19,0.163,2.53,1.006,1.679,3.093,4.08,6.906,4.524,1.829,4.364,2.539,3.024,8.272
0.848,0.787,2.166,0.151,0.147,0.149,0.155,4.218,1.002,1.653,3.158,3.723,5.767,3.078,1.871,5.129,3.137,1.971,5.728
1.424,0.84,3.655,0.154,0.141,0.149,0.162,3.297,0.96,2.032,3.397,4.18,8.743,7.865,3.198,4.945,2.604,2.169,5.782
1.187,1.08,2.628,0.155,0.142,0.168,0.161,2.46,1.005,1.679,3.184,3.578,6.304,3.22,3.758,4.5,2.442,1.918,5.913
1.622,0.804,2.73,0.152,0.142,0.156,0.164,4.193,0.965,1.768,3.057,4.355,5.087,3.192,3.564,4.475,2.415,1.853,6.857
0.81,0.849,2.464,0.519,0.147,0.161,0.209,5.301,0.978,1.662,2.995,3.8,6.523,3.286,1.764,5.219,2.321,1.921,5.869
1.274,1.137,2.497,0.275,0.148,0.15,0.148,3.867,0.977,1.694,3.124,3.685,5.59,3.184,3.236,4.629,2.526,1.881,6.435
1.56,1.021,1.599,0.154,0.143,0.151,0.149,4.55,1.288,1.773,3.149,3.815,5.284,3.848,1.79,4.713,3.641,2.147,5.841
1.248,0.878,1.87,0.156,0.15,0.15,0.164,2.871,0.926,1.717,3.151,3.717,4.622,3.258,1.851,4.537,2.593,1.881,6.181
1.315,0.869,1.089,0.2,0.136,0.144,0.299,5.112,0.951,2.034,3.042,4.16,4.376,3.1,2.513,4.62,2.867,1.892,5.926
1.258,0.789,2.123,0.272,0.14,0.157,0.15,2.779,0.975,1.666,4.238,4.752,4.163,3.229,1.773,4.433,2.432,2.138,6.207
1.269,0.97,1.402,0.183,0.139,0.149,0.287,2.591,1.665,1.77,2.962,3.572,9.799,3.151,4.51,4.487,2.445,2.266,8.689
1.356,0.823,1.428,0.158,0.137,0.159,0.271,3.476,1.143,1.998,3.375,5.506,5.766,3.214,1.835,4.334,2.713,1.939,5.858
1.286,0.892,1.911,0.299,0.138,0.151,0.16,4.086,0.957,1.713,3.075,4.43,4.916,4.24,1.796,5.251,2.557,2.342,5.86
1.405,0.821,1.745,0.171,0.263,0.159,0.152,4.995,1.08,2.464,3.311,3.911,5.694,3.029,2.255,5.478,2.408,1.949,5.716
1.552,0.864,1.511,0.151,0.139,0.15,0.201,2.821,1.028,1.62,3.168,4.178,5.24,3.169,1.903,4.417,2.507,2.008,6.184
1.505,0.837,2.799,0.153,0.141,0.15,0.165,4.595,1.006,1.677,2.866,4.167,5.599,3.092,1.919,7.707,2.42,2.052,5.862
2.131,0.803,2.692,0.157,0.248,0.164,0.162,3.022,1.399,1.884,4.034,3.865,6.278,2.994,2.212,11.43,2.502,2.05,6.091
1.554,0.829,1.798,0.291,0.23,0.164,0.156,4.772,1.388,1.601,3.002,3.967,7.67,3.286,1.889,4.425,2.488,1.984,6.097
1.307,0.825,1.61,0.297,0.217,0.157,0.152,3.778,0.979,1.664,3.242,3.715,4.551,3.263,1.775,4.678,2.656,2.039,5.969
1.58,0.628,1.046,0.152,0.231,0.208,0.154,4.007,1.013,1.615,3.02,4.125,5.959,3.139,2.274,4.318,2.781,1.869,5.889
1.265,0.909,1.723,0.151,0.138,0.155,0.165,2.861,0.947,1.718,3.192,4.076,5.751,4.282,2.341,4.82,2.49,2.061,6.251
1.503,2.539,2.864,0.151,0.152,0.17,0.158,2.991,1.183,3.007,3.525,5.192,11.247,4.052,2.361,4.409,2.459,1.778,5.772
1.39,0.831,2.112,0.145,0.139,0.239,0.297,2.873,0.942,2.358,2.955,8.133,6.344,3.446,1.758,4.414,2.458,1.877,6.352
1.279,0.961,1.765,0.159,0.14,0.146,0.287,2.575,1.263,1.96,3.492,6.004,4.595,3.196,1.834,4.473,2.667,1.807,5.959
1.522,0.826,1.419,0.159,0.147,0.143,0.161,4.78,0.985,2.483,2.87,3.854,4.883,3.204,1.808,4.169,2.506,2.209,7.769
1.608,0.955,0.862,0.287,0.143,0.147,0.153,3.082,1.156,1.79,3.191,3.869,5.226,3.204,2.276,4.426,2.421,1.973,5.85
1.437,0.933,1.739,0.183,0.258,0.152,0.162,4.195,1.035,1.678,4.015,4.13,6.047,3.278,1.889,5.603,2.569,1.974,5.944
1.316,0.856,3.068,0.159,0.138,0.148,0.161,5.608,1.044,1.664,3.104,3.791,8.863,4.261,1.91,4.79,2.653,2.014,5.663
0.807,0.947,1.995,0.29,0.139,0.16,0.156,3.981,0.968,1.616,3.103,3.632,6.142,3.107,2.405,4.323,2.342,2.211,6.875
1.342,0.851,1.091,0.271,0.15,0.152,0.16,4.576,0.957,1.916,2.946,3.989,5.846,3.165,1.821,4.9,2.966,2.601,5.742
1.245,0.911,3.132,0.155,0.142,0.147,0.157,2.651,1.223,2.047,3.076,3.745,4.813,3.283,1.764,5.065,2.462,2.047,6.116
1.458,0.933,1.86,0.196,0.144,0.15,0.162,4.588,0.946,1.644,3.176,3.917,6.299,3.019,2.391,4.486,2.862,2.131,5.971
1.317,0.827,1.431,0.155,0.161,0.156,0.165,4.531,0.966,1.64,3.062,3.619,6.988,3.205,1.883,5.304,3.306,2.043,5.674
1.346,0.835,1.192,0.276,0.144,0.153,0.148,2.715,0.963,2.392,3.405,4.099,5.042,3.31,3.709,4.386,2.585,1.973,6.414
1.374,0.883,2.159,0.273,0.142,0.15,0.159,2.561,1.074,1.682,3.006,4.125,4.959,3.404,2.141,6.959,3.234,2.077,7.427
0.864,0.938,1.629,0.151,0.136,0.151,0.157,3.461,1.024,1.88,3.557,4.101,5.975,3.301,3.807,4.263,2.333,2.062,6.588
1.324,1.58,2.781,0.178,0.14,0.232,0.164,3.36,1.058,2.549,2.916,3.856,8.47,3.16,1.925,5.561,2.48,1.948,6.113
1.784,0.954,2.029,0.339,0.143,0.153,0.165,2.775,0.988,1.72,4.64,3.685,5.377,4.116,1.77,4.112,2.87,2.593,8.732
1.264,1.512,1.432,0.153,0.266,0.152,0.298,4.305,1.319,2.586,4.628,5.519,13.772,4.752,2.714,4.46,2.869,1.943,6.146
1.43,2.35,1.633,0.158,0.145,0.153,0.186,2.749,0.965,1.66,2.898,4.43,4.633,3.466,4.375,5.29,2.741,2.015,6.212
1.662,0.931,1.635,0.193,0.138,0.161,0.296,2.666,1.082,1.994,3.243,3.777,7.347,3.132,2.485,4.97,2.486,1.842,6.294
0.805,0.858,2.246,0.272,0.136,0.142,0.15,5.62,1.393,1.753,3.487,4.037,9.28,3.823,2.647,6.354,2.936,1.921,6.467
1.492,0.938,1.324,0.805,0.263,0.175,0.162,3.875,1.059,1.52,3.306,3.912,6.041,3.991,2.113,4.614,2.565,1.895,6.275
1.502,0.889,1.672,0.151,0.153,0.158,0.155,3.179,1.647,1.782,3.521,4.247,6.555,3.109,5.494,4.414,2.404,2.094,5.952
0.784,0.8,1.972,0.154,0.149,0.152,0.148,2.897,1.077,1.834,3.226,3.728,7.117,3.108,2.409,5.625,2.985,2.513,6.455
0.763,0.954,2.367,0.271,0.147,0.147,0.147,2.81,1.092,2.024,3.944,4.196,5.586,3.14,2.414,4.52,2.766,4.92,7.052
1.367,0.807,1.641,0.151,0.146,0.151,0.161,4.152,4.627,1.612,4.813,6.538,8.024,3.528,2.244,4.879,2.631,2.471,6.339
1.392,1.034,2.125,0.158,0.144,0.15,0.151,4.291,1.123,1.914,3.283,3.815,6.853,3.039,1.852,4.619,2.573,2.369,6.002
1.265,0.855,1.544,0.276,0.348,0.277,0.278,3.699,1.003,2.4,4.121,4.139,12.286,5.033,3.841,6.683,2.955,1.971,5.577
2.161,0.833,4.283,0.143,0.139,0.149,0.305,4.318,1.123,1.9,3.215,3.661,8.283,3.279,5.74,4.723,2.495,2.097,5.782
0.834,0.632,1.723,0.145,0.144,0.19,0.34,4.773,0.981,1.742,3.066,4.015,5.138,3.376,4.015,4.555,2.442,1.835,6.866
1.41,0.682,0.777,0.157,0.146,0.207,0.161,6.558,1.122,1.719,2.998,4.053,6.613,3.071,1.767,4.423,2.445,1.966,6.119
1.305,1.038,1.234,0.144,0.137,0.149,0.3,4.695,0.973,1.628,2.969,3.668,4.308,3.236,2.226,4.464,2.414,1.962,5.706
1.255,0.596,2.474,0.155,0.211,0.148,0.16,2.618,0.979,1.734,3.112,3.825,6.525,3.334,2.713,4.603,2.308,1.978,5.978
1.303,0.8,1.585,0.337,0.142,0.183,0.148,4.006,1.167,2.073,3.512,5.324,6.501,3.779,1.786,4.368,2.471,1.918,6.333
0.96,0.847,2.019,0.146,0.148,0.159,0.168,2.625,0.946,1.556,3.287,3.785,4.447,3.223,1.919,4.48,2.553,1.932,6.219
1.316,0.844,4.011,0.144,0.137,0.148,0.164,3.942,0.949,1.974,3.278,3.723,6.78,3.374,2.277,4.723,2.661,2.672,6.558
0.964,0.881,2.68,0.145,0.141,0.149,0.164,2.948,1.002,1.64,2.9,4.176,4.665,3.272,1.81,5.321,2.424,1.931,5.86
1.319,0.793,1.827,0.152,0.136,0.147,0.147,2.571,0.96,1.659,2.964,4.047,4.427,3.801,2.522,6.429,2.893,2.236,5.998
1.226,0.918,0.999,0.151,0.143,0.145,0.161,3.844,1.335,1.862,7.572,3.659,5.066,3.238,1.794,4.973,2.79,1.909,5.93
1.491,0.819,1.413,0.157,0.142,0.155,0.158,4.542,1.021,1.703,3.267,3.987,4.534,6.415,1.798,4.492,2.462,1.957,5.995
1.379,1.069,2.115,0.156,0.15,0.17,0.157,4.702,0.954,1.672,2.871,3.891,5.195,4.01,1.803,4.682,2.455,1.916,5.781
0.812,0.821,1.529,0.151,0.145,0.149,0.156,2.745,1.008,1.688,3.312,3.941,8.802,3.263,2.317,6.031,2.47,1.974,6.119
0.792,0.898,2.071,0.155,0.144,0.162,0.164,3.048,1.164,1.673,3.046,3.737,6.666,3.697,3.126,4.677,2.514,1.891,7.166
1.408,0.974,1.313,0.28,0.165,0.185,0.162,4.895,1,1.724,4.157,4.125,6.449,4.146,1.789,8.01,2.474,2.049,5.967
0.862,0.848,2.058,0.245,0.155,0.15,0.284,3.028,0.95,1.758,3,3.703,4.857,3.857,1.829,4.434,2.591,2.156,5.923
0.869,0.868,2.047,0.151,0.146,0.16,0.152,2.809,0.938,1.606,3.135,4.291,5.096,3.263,1.815,4.312,2.443,1.947,6.167
1.35,0.854,2.55,0.159,0.14,0.158,0.159,3.664,0.975,1.966,2.999,3.703,4.94,3.183,1.868,4.693,2.434,1.963,5.957
1.295,0.807,1.021,0.149,0.14,0.17,0.155,2.713,0.947,1.642,3.086,3.85,5.125,3.03,1.85,6.31,2.492,1.828,5.748
1.376,0.794,2.349,0.144,0.136,0.147,0.293,3.237,1.321,1.701,3.12,3.803,5.75,3.055,2.218,4.964,2.431,1.996,5.729
1.449,0.876,2.464,0.149,0.139,0.149,0.163,2.783,1.073,1.697,3.083,3.785,6.038,3.199,3.094,4.302,2.514,3.075,6.221
1.312,0.889,1.51,0.289,0.15,0.148,0.15,4.095,1.15,1.969,3.149,3.988,7.218,3.189,1.828,4.706,2.677,1.922,6.515
1.458,0.806,2.394,0.156,0.201,0.159,0.158,5.028,1.046,1.68,2.968,3.812,5.507,3.191,2.536,5.271,2.871,1.985,5.932
0.798,0.972,1.842,0.283,0.151,0.272,0.247,4.738,1.023,2.227,4.27,4.607,6.902,5.763,3.368,5.687,2.545,2.009,7.101
1.535,1.001,1.822,0.15,0.139,0.155,0.299,3.389,1.111,2.032,3.522,4.105,5.371,10.414,2.105,4.365,2.439,1.992,5.901
1.35,1.033,3.538,0.15,0.149,0.17,0.159,4.292,0.946,2.054,4.015,4.463,4.672,3.171,1.758,5.619,2.367,2.12,5.731
0.8,0.846,1.645,0.163,0.154,0.155,0.156,2.97,1.015,2.32,2.985,3.843,6.622,3.253,2.417,6.292,2.771,2.537,6.082
0.842,0.964,1.825,0.155,0.148,0.15,0.15,4.36,1.005,1.674,3.084,4.076,5.722,3.161,2.053,4.512,2.652,1.919,5.759
1.567,1.067,1.124,0.159,0.157,0.161,0.158,2.593,1.001,1.764,3.039,4.345,5.358,3.186,1.755,4.634,2.453,1.989,6.255
1.243,1.575,1.192,0.158,0.143,0.156,0.168,4.011,0.986,1.799,2.95,4.276,6.515,3.02,2.65,4.476,2.453,1.962,6.168
1.43,0.883,2.405,0.154,0.149,0.2,0.158,2.527,1.011,1.568,3.488,4.132,4.343,3.246,5.564,4.508,2.611,6.226,5.862
1.415,1.217,2.814,0.285,0.147,0.16,0.298,5.385,1.463,1.69,2.959,4.56,5.539,3.309,1.901,4.387,2.506,1.882,6.102
1.237,0.828,1.941,0.269,0.141,0.148,0.282,2.734,1.024,2.074,3.227,3.702,6.031,3.105,1.788,5.798,2.45,1.817,6.09
1.386,0.84,1.906,0.157,0.148,0.161,0.161,6.727,4.359,1.595,4.858,3.66,5.546,3.221,2.018,4.984,2.725,2.005,5.92
1.328,0.653,2.316,0.288,0.215,0.15,0.153,3.03,0.983,1.614,3.122,5.037,6.32,3.068,1.99,4.54,2.446,1.969,6.354
0.896,1.625,2.274,0.151,0.139,0.148,0.149,2.636,0.956,2.128,3.047,3.946,6.586,4.323,1.783,5.161,2.422,2.977,6.444
0.807,1.097,4.793,0.157,0.141,0.149,0.157,4.288,1.004,1.76,2.899,4.455,5.992,3.051,1.987,4.617,3.054,1.859,5.905
2.453,0.816,3.378,0.288,0.151,0.153,0.154,4.458,1.125,1.614,3.057,4.276,5.818,3.025,4.609,5.04,2.465,1.936,6.059
1.415,0.814,2.088,0.155,0.156,0.149,0.151,2.956,1.037,1.65,2.845,3.756,5.899,3.032,2.176,4.7,2.617,2.612,6.826
1.539,1.257,3.402,0.158,0.144,0.159,0.159,2.788,0.937,1.757,3.098,4.08,5.226,3.261,2.17,4.503,2.544,2.204,6.471
1.359,0.829,1.406,0.143,0.141,0.15,0.303,4.314,1.013,1.643,4.192,5.308,5.435,3.109,1.896,4.643,2.644,1.998,6.02
1.39,0.853,2.096,0.296,0.145,0.151,0.161,3.917,1,2.036,3.598,3.761,5.807,5.609,1.986,4.663,2.456,1.972,6.675
1.32,0.597,2.389,0.167,0.24,0.211,0.51,2.977,1.169,1.657,3.076,3.677,8.023,3.732,3.3,4.429,2.374,1.954,7.403
1.27,0.813,2.741,0.151,0.198,0.166,0.161,4.209,1.025,1.693,2.804,3.851,6.779,3.159,1.811,4.475,2.515,1.922,5.986
1.297,1.09,1.58,0.148,6.665,0.272,0.162,2.653,1.037,1.562,3.31,3.818,4.192,3.262,1.893,4.878,3.467,1.831,6.12
1.596,0.821,1.394,0.142,0.137,0.242,0.163,5.05,0.972,1.661,3.349,4.675,7.289,4.301,1.868,4.416,2.405,1.924,5.801
1.303,0.597,1.592,0.189,0.136,0.255,0.162,3.939,0.944,1.689,3.267,4.152,4.482,3.238,2.299,4.428,2.616,2.024,6.141
1.481,1.068,2.396,0.154,0.141,0.149,0.151,2.682,4.809,6.381,3.112,3.925,6.008,3.207,2.148,4.672,2.479,1.981,5.794
0.812,0.893,2.374,0.154,0.15,0.209,0.163,5.021,0.999,1.805,3.071,3.71,3.752,3.114,2.391,4.363,3.217,1.952,5.903
1.355,0.835,3.463,0.275,0.147,0.149,0.16,3.012,0.983,1.887,2.904,4.399,5.34,2.999,1.957,4.747,2.48,2.056,5.939
1.346,0.794,2.921,0.159,0.14,0.148,0.165,4.125,1.079,1.908,3.119,3.731,4.578,3.263,1.777,4.349,2.434,1.914,6.025
1.286,0.599,2.366,0.283,0.15,0.17,0.201,2.351,1.046,1.659,3.25,3.701,6.477,2.979,5.461,4.851,2.454,1.898,5.912
1.374,0.822,1.333,0.154,0.148,0.151,0.15,4.274,1.163,1.652,2.866,3.754,3.789,3.217,2.27,4.951,2.399,2.058,6.983
1.306,0.646,1.467,0.193,0.147,0.151,0.157,4.464,0.997,1.712,3.834,3.735,4.795,3.292,1.825,6.254,2.304,2.213,6.432
1.454,0.978,1.357,0.149,0.147,0.151,0.159,4.423,1.019,1.705,2.941,3.926,5.304,3.35,1.829,5.176,2.452,2.075,5.776
0.809,0.844,3.576,0.147,0.156,0.163,0.294,4.487,1.471,1.9,4.002,4.31,7.809,3.014,1.977,6.891,2.418,1.841,5.956
0.853,1.024,3.038,0.143,0.139,0.158,0.159,2.245,1.006,1.685,2.963,3.789,4.934,3.368,1.82,4.513,2.397,1.781,5.893
1.48,0.843,3.802,0.258,0.138,0.147,0.28,5.819,0.995,1.791,2.986,4.172,5.338,3.108,1.832,4.463,2.379,1.899,5.716
0.959,0.998,2.132,0.142,0.137,0.192,0.163,2.528,0.974,1.666,2.965,3.796,5.676,3.137,1.766,5.658,2.595,2.24,5.635
0.839,0.975,3.09,0.262,0.197,0.184,0.165,5.017,1.393,1.858,3.546,4.237,4.904,3.056,4.051,4.633,2.434,1.91,5.761
1.358,0.847,1.005,0.158,0.162,0.152,0.152,3.122,1.118,1.621,2.979,3.832,4.233,3.136,2.672,4.512,2.543,1.835,5.889
1.347,0.866,1.697,0.271,0.143,0.148,0.146,2.906,1.011,1.722,3.09,9.665,5.677,3.187,1.769,4.384,2.753,2.163,6.474
1.465,0.809,1.601,0.324,0.15,0.153,0.151,4.035,4.212,1.577,3.009,3.922,4.787,3.242,1.829,4.23,2.878,1.809,7.813
1.569,0.896,1.426,0.15,0.146,0.149,0.187,2.476,0.971,1.76,7.051,3.988,5.629,3.536,1.983,4.331,2.382,1.945,5.873
1.348,1.347,2.106,0.272,0.142,0.153,0.156,5.687,0.951,1.62,3.009,3.643,5.448,3.966,1.766,4.431,2.281,1.939,6.235
0.956,1.031,2.516,0.149,0.139,0.149,0.299,4.175,1.044,1.835,2.923,3.963,6.199,3.664,1.814,4.417,2.411,2.169,5.863
0.859,0.87,2.354,0.15,0.147,0.152,0.163,4.611,0.98,1.856,4.361,4.189,10.001,3.315,5.225,4.695,2.45,2.251,6.524
1.566,0.833,0.963,0.153,0.179,0.153,0.159,4.106,0.939,1.622,2.959,3.805,4.501,3.176,1.764,4.163,2.422,2.081,6.08
1.363,0.788,2.323,0.215,0.138,0.15,0.186,2.689,0.987,1.665,3.139,3.964,5.994,3.587,2.152,5.253,2.407,1.962,5.95
1.358,0.641,1.107,0.277,0.145,0.149,0.146,5.201,1.098,1.701,3.362,4.049,5.238,3.17,1.933,4.535,2.18,2.377,6.541
1.379,0.804,0.901,0.153,0.146,0.158,0.169,2.668,1.02,2.037,3.066,4.556,7.132,3.198,4.932,4.554,2.49,1.888,5.839
1.222,1.587,1.428,0.15,0.253,0.151,0.304,3.787,0.942,1.705,3.022,3.734,5.808,3.179,1.801,4.668,2.58,1.931,5.787
1.368,0.797,5.721,0.151,0.143,0.156,0.29,5.091,0.948,1.81,2.945,3.719,6.054,3.654,2.205,4.496,2.313,1.842,8.816
1.298,0.828,1.928,0.148,0.147,0.295,0.147,5.077,1.064,1.704,2.971,3.732,5.032,3.181,2.361,4.704,2.337,1.895,7.73
1.355,0.851,2.242,0.15,0.186,0.15,0.157,3.424,1.017,1.71,3.023,3.794,4.634,4.524,2.297,4.734,2.517,1.926,6.087
1.414,0.945,1.912,0.243,0.139,0.147,0.23,4.142,0.975,1.62,3.279,4.287,5.269,3.205,2.687,4.743,2.632,2.077,6.182
1.819,0.889,2.032,0.198,0.146,0.156,0.283,4.883,0.954,1.635,3.408,4.215,5.632,3.216,4.339,9.453,4.497,2.09,6.365
1.279,0.87,1.707,0.156,0.147,0.15,0.168,2.99,1.002,1.773,3.26,3.96,4.465,3.097,2.369,4.445,2.456,1.914,6.473
1.66,0.852,1.343,0.142,0.133,0.144,0.157,3.683,0.933,1.684,3.423,3.894,6.103,3.28,1.759,4.291,2.393,1.955,5.865
0.887,0.833,1.468,0.19,0.141,0.154,0.147,2.613,0.981,1.86,3.313,3.762,4.869,3.374,1.874,4.342,2.379,1.952,6.779
0.837,0.903,3.544,0.269,0.137,0.148,0.146,4.528,0.953,1.741,3.288,4.295,7.916,3.244,2.314,5.977,3.086,2.825,6.621
1.301,0.849,1.792,0.157,0.186,0.153,0.16,3.057,1.025,1.57,2.925,6.567,5.345,3.321,1.751,4.574,2.8,1.896,6.121
1.39,0.807,3.022,0.152,0.149,0.162,0.157,2.575,1,1.679,3.103,3.618,4.833,3.24,2.739,4.346,2.692,1.921,5.744
6.303,1.46,2.596,0.269,0.185,0.154,0.161,2.32,0.973,1.64,3.168,3.679,4.694,3.708,1.838,4.393,2.548,1.926,6.368
0.889,1.278,2.067,0.289,0.182,6.611,0.152,4.419,1.019,1.614,3.088,3.745,6.252,3.338,2.025,4.109,2.368,2.588,6.505
1.458,0.983,2.194,0.272,0.149,0.161,0.188,4.758,1.015,1.656,2.888,4.959,5.817,3.427,1.952,5.1,2.458,2.106,5.848
1.304,0.952,3.016,0.156,0.136,0.149,0.158,2.961,0.937,1.742,3.281,3.822,5.051,3.176,1.913,4.345,2.492,2.027,6.005
1.376,0.971,1.884,0.27,0.14,0.15,0.147,2.922,1.258,1.685,3.601,3.673,5.364,3.178,2.525,4.379,2.546,3.44,7.006
1.408,0.893,1.417,0.158,0.151,0.165,0.177,2.493,0.94,1.717,3.004,3.837,5.567,3.079,2.112,5.054,3.232,2.261,6.008
1.392,1.073,1.394,0.165,0.151,0.156,0.307,3.959,0.96,1.676,3.08,3.762,5.043,3.536,2.737,4.373,2.368,2.021,5.996
0.797,0.989,1.64,0.183,0.136,0.163,0.156,2.487,1.052,1.664,3.183,3.599,5.495,3.291,2.365,5.153,2.616,2.076,5.62
1.67,0.756,1.147,0.186,0.154,0.166,0.302,4.862,1.215,1.924,2.936,3.654,4.789,3.157,1.784,5.485,2.396,2.084,5.874
1.239,0.831,1.848,0.155,0.137,0.146,0.147,4.272,1.013,1.841,3.667,3.778,4.646,4.372,4.063,4.505,2.468,2.154,5.795
1.332,0.983,1,0.165,0.135,0.145,0.159,2.578,1.066,1.771,3.062,3.626,5.209,5.251,1.782,4.554,2.61,1.997,5.609
1.273,0.824,2.019,0.29,0.14,0.204,0.147,7.235,1.461,2.068,3.365,4.322,4.543,3.103,2.139,6.408,2.364,2.074,6.495
1.533,1.04,1.627,0.273,0.139,0.15,0.158,2.781,1.63,1.943,3.096,3.631,6.203,3.139,5.784,4.386,2.402,2.22,6.84
1.633,1.623,1.13,0.161,0.139,0.157,0.159,2.793,0.995,1.743,3,3.946,6.145,3.205,2.07,4.516,2.546,2.498,5.854
1.29,0.793,1.832,0.151,0.138,0.237,0.16,4.453,1.018,1.795,3.423,3.769,5.962,3.617,1.805,4.296,2.413,2.01,6.292
0.795,1.001,2.588,0.16,0.149,0.162,0.278,5.057,1.134,1.668,3.017,4.74,5.977,3.09,1.803,4.469,3.447,1.995,5.777
1.378,1.192,1.886,0.273,0.149,0.328,0.169,4.257,1.027,1.8,3.15,3.691,5.935,3.5,2.222,4.775,2.746,2.031,5.809
0.928,1.076,2.039,0.273,0.142,0.196,0.3,2.649,1.852,1.728,3.047,3.721,4.513,3.399,2.29,4.552,2.455,2.179,6.533
1.886,1.28,1.572,0.157,0.145,0.162,0.156,3.9,1.002,1.647,2.949,4.004,6.091,3.164,1.841,4.619,2.657,3.575,11.594
0.86,0.82,1.77,0.19,0.14,0.148,0.161,2.702,1.055,2.414,4.324,4.751,9.038,5.242,1.874,7.779,4.259,2.253,5.875
3.867,0.83,2.641,0.156,0.143,0.149,0.16,2.511,0.973,1.625,3.435,4.435,5.425,2.996,2.143,4.619,2.747,1.917,6.206
1.302,0.854,1.437,0.15,0.138,0.147,0.161,4.265,0.994,1.7,3.16,3.995,6.419,3.02,2.183,4.542,2.446,1.882,7.009
1.283,1.024,1.38,0.143,0.147,0.159,0.161,2.931,1.015,1.947,3.127,3.776,5.46,5.283,2.474,5.488,2.888,1.91,5.822
1.386,1.118,1.91,0.15,0.149,0.15,0.15,4.203,0.957,1.676,3.122,3.714,6.546,3.35,1.825,4.307,2.69,1.794,5.883
1.272,0.826,2.002,0.154,0.152,0.164,0.157,2.708,4.481,2.363,2.99,3.594,5.67,2.997,2.096,4.509,2.485,1.9,6.001
1.465,0.797,1.924,0.143,0.138,0.148,0.159,4.326,1.04,1.755,2.936,3.789,6.638,3.044,1.762,5.625,2.43,2.013,5.776
1.289,1.509,1.462,0.174,0.145,0.293,0.151,4.413,0.954,1.817,3.516,3.649,5.897,3.055,2.387,5.529,2.483,1.897,5.826
1.274,1.087,2.481,0.149,0.134,0.148,0.159,4.304,0.955,2.364,3.26,3.626,5.375,3.341,1.854,4.454,2.549,1.979,5.958
1.476,0.977,1.602,0.148,0.156,0.15,0.307,5.43,1.016,1.631,3.153,4.519,6.432,3.175,2.289,4.339,2.524,1.896,7.51
1.046,1.105,2.278,0.272,0.155,0.159,0.176,5.431,0.997,1.8,2.897,3.737,7.588,3.055,3.834,5.117,2.455,1.949,6.629
1.259,0.993,1.165,0.162,0.137,0.153,0.161,2.519,0.948,1.647,3.003,3.906,4.566,3.286,2.03,4.922,2.591,2.291,6.405
0.796,0.853,2.521,0.166,0.144,0.248,0.158,4.53,1.046,1.639,3.125,3.754,5.553,3.277,1.888,4.589,2.385,2.343,6.158
2.116,1.791,1.431,0.155,0.147,0.155,0.153,3.156,0.998,1.698,3.12,3.677,4.369,3.192,1.864,4.214,2.257,1.946,6.219
1.367,0.932,1.869,0.265,0.148,0.161,0.211,4.275,2.08,2.087,3.031,3.826,5.372,3.919,1.905,5.345,2.644,2.345,5.806
1.267,0.962,1.406,0.156,0.146,0.172,0.151,3.563,1.379,1.675,3.076,3.699,6.827,3.239,1.793,4.498,2.39,1.991,5.631
1.318,0.86,1.481,0.149,0.229,0.161,0.255,4.28,0.989,1.748,3.054,3.753,6.644,3.619,5.545,4.717,2.533,1.958,5.53
1.326,0.844,1.625,0.289,0.166,0.152,0.146,2.399,0.947,1.578,3.037,3.704,7.638,3.17,1.941,4.76,2.422,2.945,11.147
1.273,0.797,2.519,0.15,0.15,0.153,0.15,5.427,0.995,1.721,3.076,4.358,4.937,3.888,1.802,4.401,2.419,1.872,6.441
0.826,0.887,2.439,0.143,0.139,0.151,0.157,2.607,1.03,1.756,3.077,4.406,4.942,3.164,2.483,4.447,3.483,1.945,6.331
1.003,0.817,2.083,0.288,0.34,0.153,0.156,4.319,4.798,1.614,3.313,3.83,7.854,3.86,1.821,4.571,2.804,1.972,6.203
1.596,0.904,0.992,0.143,0.153,0.151,0.161,2.611,1.08,1.695,3.266,3.742,4.761,3.339,1.987,4.565,2.501,1.962,5.689
2.285,1.022,1.558,0.155,0.153,0.153,0.16,3.861,1.084,1.664,2.955,3.793,5.442,3.568,3.185,4.482,2.456,2.002,6.144
0.796,0.877,1.793,0.16,0.147,0.206,0.149,2.397,1.047,1.762,4.587,4.85,4.344,3.01,1.842,4.504,2.628,2.024,6.211
1.336,0.916,3.602,0.292,0.154,0.161,0.161,6.027,0.957,1.696,3.59,3.757,6.137,7.699,1.774,4.809,2.405,1.789,5.919
1.292,0.814,1.976,0.273,0.147,0.26,0.158,4.546,0.993,1.781,3.304,3.786,4.498,2.955,3.04,4.468,2.533,2.442,6.296
0.791,1.146,3.107,0.172,0.151,0.178,0.164,6.631,1.089,2.286,4.559,5.393,8.252,4.798,3.071,7.392,2.887,2.065,5.826
1.425,0.861,2.346,0.156,0.312,0.15,0.157,2.503,0.98,1.814,3.69,3.963,4.482,5.123,3.169,4.455,2.481,1.938,5.908
1.452,0.862,1.816,0.142,0.135,0.155,0.157,4.151,0.958,1.744,3.252,3.819,4.691,2.826,2.367,5.612,2.291,1.953,5.913
1.29,1.288,2.038,0.158,0.272,0.163,0.158,4.753,0.939,1.713,3.581,3.714,5.416,3.076,1.843,4.588,2.466,2.811,5.993
1.306,0.816,2.601,0.293,0.301,0.167,0.218,4.585,1.024,1.69,3.122,3.716,7.237,3.978,1.829,6.705,2.432,1.799,5.782
1.382,0.83,2.479,0.153,0.148,0.151,0.149,2.491,0.984,1.701,2.892,3.649,5.95,3.99,2.187,7.055,5.926,1.925,6.285
1.479,0.932,2.425,0.143,0.219,0.183,0.28,3.307,0.946,1.792,2.963,4.3,7.967,3.48,2.19,4.872,2.624,1.803,6.851
1.326,0.803,1.625,0.165,0.143,0.153,0.159,2.331,1.103,1.679,3.011,4.3,7.016,7.047,2.509,4.657,2.499,2.022,6.609
1.318,1.479,1.825,0.261,0.149,0.297,0.266,4.643,0.975,2.996,3.267,3.708,5.817,3.992,1.832,5.155,3.016,1.778,5.867
1.317,0.836,1.875,0.158,0.143,0.155,0.148,4.924,0.963,1.662,3.032,3.556,5.511,3.313,4.455,4.561,2.458,1.983,6.533
1.289,0.806,3.041,0.151,0.197,0.162,0.15,3.917,1.006,1.58,2.923,3.754,5.569,3.4,1.881,4.252,2.563,2.27,6.473
1.421,0.893,2.224,0.155,0.141,0.149,0.156,4.572,4.42,1.745,3.129,4.908,5.696,3.141,4.856,4.384,2.282,1.922,6.19
0.772,0.836,2.133,0.295,0.166,0.143,0.316,2.471,0.958,1.664,3.118,3.852,6.023,6.149,2.25,4.302,2.479,2.142,5.741
1.303,0.838,1.336,0.155,0.14,0.149,0.156,4.829,0.954,1.52,3,3.79,5.02,6.626,1.806,4.5,2.531,2.064,5.79
1.374,0.847,1.678,0.158,0.147,0.154,0.165,4.241,0.942,1.621,3.095,3.752,5.716,3.127,2.198,4.382,2.487,1.847,5.984
1.307,1.071,1.103,0.216,0.139,0.148,0.156,2.999,0.937,1.614,3.093,5.444,4.894,3.177,1.825,4.31,2.49,1.974,6.18
1.302,0.86,1.414,0.277,0.205,0.15,0.151,2.721,0.942,1.62,3.112,3.672,3.87,3.193,2.739,4.562,2.361,2.19,6.651
1.474,1.045,1.818,0.204,0.149,0.2,0.153,4.102,1.155,1.659,3.062,4.106,7.223,9.632,3.203,4.553,2.518,2.068,6.13
0.79,0.836,2.493,0.27,0.178,0.169,0.159,3.639,1.495,2.098,3.465,3.917,4.237,3.632,1.821,4.398,2.418,1.939,5.49
1.387,0.855,1.472,0.143,0.139,0.154,0.301,3.287,1.011,1.758,3.19,3.719,4.454,3.235,3.145,4.542,2.479,1.974,5.972
0.88,0.812,2.246,0.163,0.141,0.152,0.157,4.978,0.927,1.666,3.235,4.038,6.528,3.376,2.36,4.7,2.8,1.82,5.964
0.961,0.599,2.462,0.157,0.183,0.15,0.165,4.303,1.204,1.534,3.138,3.645,6.225,4.952,1.864,4.363,2.524,2.352,8.206
1.291,0.842,1.061,0.149,0.136,0.147,0.153,5.126,0.922,1.665,3.223,3.697,4.351,3.082,5.376,8.204,2.504,1.937,5.83
0.821,0.909,1.968,0.305,0.139,0.155,0.166,4.091,1.025,1.62,2.988,3.947,7.239,3.663,2.676,4.34,2.911,2.039,6.135
1.28,0.887,1.696,0.157,0.269,0.176,0.174,2.765,1.007,1.657,3.107,4.006,5.242,3.707,1.828,4.255,2.481,2.506,6.064
1.439,0.832,1.483,0.157,0.15,0.148,0.158,4.147,0.949,2.175,3.101,3.589,5.933,5.043,2.203,4.738,3.607,2.036,5.904
2.177,1.533,2.428,0.275,0.256,0.189,0.161,6.064,1.788,1.951,3.183,3.521,6.425,3.5,1.825,6.495,2.719,2.15,6.02
1.728,1.014,1.78,0.152,0.251,0.159,0.154,2.631,0.93,1.737,3.113,3.814,6.978,3.106,2.079,4.41,2.536,1.953,5.939
1.298,1.478,1.414,0.149,0.146,0.151,0.291,4.29,1.055,1.675,3.338,3.697,6.412,5.118,1.79,4.495,2.504,1.96,5.894
2.059,0.955,2.922,0.157,0.141,0.232,0.177,2.954,0.941,1.582,3.342,4.539,4.633,3.111,1.823,4.407,2.753,2.121,6.931
1.273,0.815,1.097,0.271,0.147,0.155,0.152,4.511,1.726,1.857,3.276,4.041,5.12,3.06,1.886,4.345,2.494,1.821,5.931
1.503,1.016,2.503,0.147,0.137,0.158,0.155,4.521,0.995,1.637,2.904,3.894,4.147,3.044,5.143,7.08,2.645,1.891,5.728
1.311,0.917,2.252,0.328,0.231,0.153,0.171,2.947,0.956,1.669,3.089,3.647,6.45,3.28,1.807,5.333,2.654,1.981,6.486
0.82,0.96,1.816,0.183,0.186,0.151,0.149,4.134,1.118,1.66,3.433,3.713,5.079,2.983,1.85,4.534,2.473,1.869,6.102
1.362,0.626,1.068,0.142,0.221,0.154,0.156,2.708,1.096,1.762,3.02,3.801,7.478,3.261,2.221,4.27,2.348,3.887,5.717
1.271,0.814,3.029,0.304,0.145,0.15,0.214,3.192,0.963,1.692,3.067,3.648,5.869,3.171,1.851,4.428,2.545,1.894,6.674
2.107,1.371,2.081,0.274,0.147,0.145,0.163,4.078,0.945,1.665,3.093,3.656,5.027,3.904,2.081,5.086,2.429,2.106,8.173
1.38,0.838,2.442,0.274,0.139,0.152,0.147,2.962,0.982,1.669,3.006,4.044,8.206,3.065,2.093,4.717,2.49,1.957,6.028
1.243,0.976,1.831,0.155,0.146,0.217,0.154,4.114,0.958,1.672,3.044,3.894,4.959,3.087,2.547,5.689,2.629,1.858,6.052
1.33,0.848,2.302,0.15,0.143,0.164,0.149,2.596,0.949,1.827,3.087,4.109,5.067,3.256,2.43,4.384,2.67,1.916,5.509
1.316,0.792,2.166,0.144,0.139,0.15,0.162,4.067,0.949,1.636,3.09,3.853,5.259,3.095,2.15,4.655,2.345,2.243,5.841
0.866,0.957,2.019,0.154,0.146,0.148,0.157,2.408,1.003,1.627,3.074,3.742,5.908,3.812,1.904,4.438,2.44,2.212,5.991
1.315,0.855,2.164,0.147,0.143,0.156,0.297,2.747,0.999,1.724,3.79,3.717,6.139,7.758,1.802,5.218,2.747,1.976,6.064
2.207,0.952,1.392,0.32,0.254,0.273,0.29,4.537,1.786,2.025,2.951,3.905,6.503,3.166,2.15,4.895,2.427,2.419,5.944
1.322,0.838,1.148,0.157,0.15,0.162,0.163,2.482,0.947,1.522,3.196,3.575,4.708,5.257,1.825,4.818,2.701,1.984,6.461
1.472,0.867,1.746,0.151,0.141,0.151,0.173,4.193,1.203,1.83,3.161,3.864,5.612,3.115,2.369,4.997,2.944,2.14,5.918
1.294,0.854,1.764,0.345,0.142,0.151,0.158,2.615,0.952,1.743,4.443,3.8,4.688,3.152,1.841,4.371,3.11,2.104,5.766
0.8,0.87,1.564,0.156,0.144,0.149,0.148,4.346,0.93,1.569,2.977,5.254,4.819,3.285,1.902,5.141,2.703,1.945,6.044
1.301,0.805,2.882,0.146,0.135,0.152,0.293,2.498,1.17,1.665,3.001,3.863,6.338,3.254,1.956,5.119,2.633,1.993,6.873
1.39,0.924,1.763,0.142,0.141,0.147,0.163,3.41,1.129,1.772,3.189,4.323,5.26,3.026,1.752,5.877,2.576,1.914,5.802
1.506,0.595,2.725,0.277,0.145,0.171,0.279,4.431,0.967,2.073,3.252,3.855,5.347,3.432,1.775,5.181,2.901,2.239,8.402
0.803,0.973,2.785,0.274,0.147,0.153,0.147,4.45,1.206,1.969,2.99,4.719,4.805,3.112,1.857,4.62,2.554,1.919,5.754
1.28,0.815,2.183,0.15,0.156,0.148,0.147,3.881,1.018,2.02,3.061,4.523,5.959,3.195,2.495,4.676,2.608,2.49,6.139
1.415,1.642,1.565,0.151,0.145,0.161,0.158,2.503,1.035,1.676,3.044,3.763,5.938,3.063,4.779,4.518,2.672,1.872,5.78
1.312,0.987,2.1,0.195,0.139,0.147,0.28,3.224,0.944,1.661,2.94,3.703,6.757,3.363,2.491,5.238,2.652,1.963,6.005
1.343,0.985,1.438,0.288,0.149,0.216,0.148,4.964,0.971,1.663,3.087,4.624,4.837,3.443,1.813,4.227,2.453,1.945,6.869
1.663,0.859,2.009,0.15,0.261,0.172,0.599,4.654,1.01,1.697,3.133,4.107,5.476,3.347,2.233,4.247,2.486,1.795,6.194
1.375,0.824,1.857,0.267,0.149,0.152,0.154,2.526,1.009,1.891,3.165,3.546,5.226,4.452,2.657,4.416,2.434,1.87,5.844
1.297,1.068,0.957,0.277,0.152,0.32,0.159,4.636,0.972,1.53,3.156,3.724,5.103,3.036,2.414,4.328,2.426,2.17,6.101
1.294,0.789,2.094,0.156,0.136,0.246,0.299,4.184,0.943,1.628,3.09,3.938,5.629,3.063,1.826,5.486,4.268,1.959,6.343
1.684,0.85,1.276,0.296,0.149,0.15,0.173,5.461,0.952,1.654,3.048,3.561,5.608,4.528,2.227,6.963,3.219,2.832,6.243
1.263,0.811,2.522,0.157,0.205,0.18,0.192,2.268,0.962,3.862,3.082,3.716,5.523,3.197,1.859,4.772,2.544,2.163,5.793
1.25,0.931,2.468,0.272,0.162,0.252,0.159,3.106,1.004,1.715,3.076,4.611,5.345,3.889,2.31,4.322,2.207,2.439,6.4
1.42,1.078,3.368,0.274,0.141,0.203,0.16,5.774,4.456,1.802,3.902,4.271,6.29,3.686,2.352,4.984,2.598,2.074,6.984
2.041,1.04,2.193,0.281,0.147,0.194,0.188,3.166,1.265,1.679,3.824,4.908,6.873,4.243,2.47,5.497,2.711,2.092,8.283
6.551,64.151,43.102,0.271,0.231,0.329,0.306,6.487,2.007,2.78,3.968,5.72,9.768,9.001,2.993,6.234,2.989,2.419,6.923
1.591,0.923,1.609,0.264,0.241,0.267,0.509,4.15,1.115,2.144,3.521,5.043,7.982,5.973,1.899,5.011,3.132,2.141,6.459
1.563,0.943,2.433,0.226,0.254,0.159,0.152,11.088,1.028,2.469,4.777,3.696,7.154,6.153,2.446,4.508,3.298,1.969,5.847
1.549,1.128,1.635,0.226,0.169,0.15,0.163,2.415,1.102,2.349,2.871,3.618,3.851,3.855,1.882,4.508,2.448,2.063,5.632
1.244,0.85,2.085,0.314,0.145,0.15,0.311,4.555,0.966,1.6,3.063,3.817,6.526,7.212,1.848,4.5,2.327,1.96,6.754
0.854,0.868,2.192,0.145,0.136,0.169,0.161,4.642,0.975,1.692,2.986,3.918,4.977,3.337,1.807,4.435,2.326,1.947,5.905
2.254,0.866,1.573,0.161,0.256,0.155,0.179,2.855,0.996,1.745,3.375,4.055,5.723,3.511,2.076,4.385,2.972,1.876,5.813
0.799,0.887,3.019,0.152,0.262,0.162,0.178,3.097,1.2,1.786,3.295,3.728,5.001,4.413,2.32,4.367,2.405,2.56,6.111
1.401,0.84,1.416,0.188,0.159,0.184,0.163,3.208,1.081,2.872,3.622,4.824,5.983,4.096,1.778,4.473,2.393,1.914,5.996
0.787,0.965,1.555,0.145,0.362,0.153,0.159,4.388,1.152,1.596,3.21,3.675,7.988,3.547,2.266,4.453,2.402,1.99,6.813
1.143,1.442,1.685,0.151,0.162,0.229,0.161,6.12,1.002,3.785,5.22,4.912,5.9,4.427,2.758,5.776,2.349,1.908,6.154
1.603,0.804,3.249,0.32,0.139,0.147,0.156,4.858,0.945,2.117,3.038,3.736,4.525,3.253,1.848,4.359,2.433,2.025,6.572
1.405,0.899,2.697,0.473,0.212,0.164,0.319,4.027,1.765,2.704,4.214,5.232,8.375,4.698,2.697,9.32,2.539,2.013,5.747
1.245,0.806,2.836,0.149,0.145,0.148,9.072,2.517,1.363,1.756,3.117,3.768,7.207,3.257,4.911,5.242,3.098,2.017,5.935
1.351,0.902,1.434,0.149,0.154,0.211,0.166,4.209,0.997,1.707,3.059,4.13,5.095,3.246,1.811,4.485,2.458,1.963,6.377
0.846,1.001,2.201,0.276,0.147,0.186,0.15,4.395,0.965,2.054,3.397,3.855,5.499,3.262,1.855,4.518,2.925,2.524,5.525
1.28,0.888,1.808,0.153,0.143,0.15,0.147,3.93,1.017,1.627,3.209,3.737,4.823,3.164,1.836,4.291,2.862,1.937,6.117
1.328,0.825,1.433,0.148,0.167,0.149,0.146,3.123,0.937,1.673,3.135,4.261,5.259,3.153,1.949,5.015,2.431,1.935,5.824
1.212,0.87,2.238,0.151,0.333,0.152,0.157,2.458,1.196,1.736,3.455,3.667,6.649,3.346,1.811,4.301,3.418,2.195,7.189
1.491,0.833,1.284,0.151,0.17,0.152,0.204,2.748,1.023,1.672,2.924,3.789,4.485,3.122,2.484,5.373,2.511,1.962,6.127
2.38,0.809,1.744,0.15,0.145,0.155,0.147,4.319,0.944,1.663,3.305,3.883,5.546,4.432,1.784,4.508,2.439,1.979,5.889
1.426,0.807,1.921,0.151,0.145,0.286,0.157,2.597,1.035,1.632,3.086,3.852,7.511,6.245,2.313,4.434,2.403,1.94,5.863
2.657,1.016,1.802,0.147,0.15,0.151,0.183,2.399,1.059,1.715,3.07,3.828,6.985,3.042,1.847,4.171,2.483,1.874,6.084
1.324,0.841,1.56,0.259,0.14,0.15,0.157,2.557,0.985,1.528,2.935,3.619,5.476,3.148,1.789,4.18,2.538,1.807,5.88
0.849,0.867,1.762,0.161,0.144,0.149,0.318,2.564,0.952,1.661,3.078,3.97,4.339,3.128,1.815,4.019,2.302,1.93,6.151
1.394,0.883,2.011,0.151,0.144,0.18,0.147,3.773,1.015,1.594,2.962,3.727,3.983,3.117,1.849,4.38,2.531,2.09,5.855
0.821,0.852,2.28,0.155,0.241,0.154,0.148,3.598,1.103,1.682,3.123,3.833,3.719,3.205,4.362,4.383,2.589,1.897,5.984
0.839,0.648,2.198,0.151,0.142,0.154,0.146,2.73,0.968,3.473,3.046,3.89,7.221,3.168,2.293,4.522,2.387,1.955,6.119
1.302,1.38,0.89,0.25,0.147,0.211,0.162,3.967,1.043,1.66,3.183,3.686,4.765,3.305,2.138,4.462,2.435,2.025,5.88
1.675,0.881,1.489,0.158,0.142,0.15,0.162,4.119,0.937,2.168,3.002,3.637,5.171,6.384,4.457,4.484,2.514,2.029,5.844
1.298,0.846,2.254,0.149,0.146,0.299,0.155,2.41,1.138,2.002,2.931,3.766,5.307,3.1,1.82,4.401,2.532,1.88,5.884
1.372,0.933,2.47,0.149,0.231,0.258,0.251,2.674,0.955,1.63,3.041,3.85,5.431,4.52,2.44,4.556,2.457,1.976,5.994
0.81,0.821,1.383,0.238,0.14,0.223,0.339,5.459,0.983,1.752,3.134,3.922,7.082,3.196,1.774,5.108,2.457,1.949,6.11
0.914,0.846,2.632,0.273,0.138,0.149,0.167,3.111,1.012,1.642,2.983,3.822,4.626,4.38,2.007,4.687,2.878,2.18,8.131
1.335,0.637,1.742,0.152,0.181,0.166,0.151,4.89,0.947,1.832,3.265,4.255,7.827,4.947,2.444,4.252,2.908,2.425,7.308
1.653,0.811,2.045,0.273,0.206,0.15,0.147,6.06,1.339,1.6,3.527,3.831,5.967,3.178,1.798,4.412,2.524,5.826,5.84
1.642,0.805,1.368,0.151,0.148,0.151,0.147,4.658,1.061,2.044,3.46,3.719,4.698,3.167,2.154,5.074,2.424,5.25,5.863
1.423,0.967,2.821,0.274,0.149,0.284,0.27,4.648,0.997,1.645,6.203,4.501,3.744,4.164,2.03,4.571,2.633,1.989,5.552
0.805,0.974,2.82,0.154,0.279,0.155,0.149,2.795,1.002,1.818,3.058,4.004,5.306,3.277,1.781,4.768,2.638,1.897,5.763
2.843,1.472,2.183,0.266,0.229,0.277,0.294,5.987,1.699,2.699,4.894,5.109,9.009,5.11,1.854,6.975,2.484,1.789,5.723
1.404,0.968,1.485,0.195,0.146,0.153,0.156,3.903,0.951,2.335,3.623,4.356,7.015,3.373,2.467,4.956,2.563,1.941,6.065
0.78,0.869,2.547,0.148,0.144,0.149,0.163,2.47,1.012,1.638,3.082,3.681,4.869,4.004,5.879,5.072,3.012,1.856,6.177
1.874,0.838,2.124,0.15,0.14,0.159,0.166,4.174,1.027,1.737,3.04,3.7,4.212,3.205,1.837,4.665,2.479,2.154,6.397
0.803,1.107,1.789,0.156,0.149,0.148,0.159,3.961,0.994,1.735,3.451,3.662,4.978,3.383,2.798,4.626,2.464,2.263,6.521
2.279,0.823,3.429,0.147,0.141,0.16,0.165,4.285,1.09,1.586,3.201,3.866,6.321,3.738,2.081,4.31,2.296,1.925,6.063
1.332,0.844,1.266,0.156,0.201,0.648,0.156,3.946,0.954,1.708,3.463,3.983,6.577,3.319,1.765,5.529,2.498,1.917,6.022
1.503,0.821,2.297,0.16,0.146,0.158,0.149,4.497,1.123,1.808,3.07,3.728,4.582,3.54,2.416,4.638,3.293,1.896,5.797
0.822,0.887,2.001,0.147,0.138,0.153,0.295,4.722,0.959,1.707,3.145,3.859,5.126,3.285,1.839,4.378,2.535,1.943,6.221
1.715,1.36,2.211,0.244,0.153,0.146,0.184,6.605,1.308,1.78,3.547,5.007,9.074,3.63,2.456,4.802,2.991,2.082,6.051
1.451,1.234,1.652,0.151,0.175,0.164,0.174,4.511,1.026,1.813,3.726,3.826,5.834,3.582,2.522,4.891,2.71,2.637,6.652
1.409,0.89,2.589,0.175,0.157,0.163,0.157,7.115,1.297,2.034,3.417,4.599,9.131,3.154,5.458,5.892,3.745,2.811,7.654
0.805,1.065,2.224,0.184,0.142,0.182,0.251,2.682,1.166,1.862,3.356,4.257,6.209,7.318,1.81,4.467,2.491,2,5.749
1.313,0.799,2.182,0.145,0.14,0.148,0.156,2.823,0.987,1.956,3.044,3.716,4.219,3.287,1.857,5.311,2.452,1.925,5.936
1.337,0.791,2.416,0.15,0.138,0.153,0.157,4.188,1.225,1.577,3.179,3.609,9.134,3.479,1.803,4.027,2.557,1.819,6.806
1.291,0.909,4.206,0.272,0.185,0.154,0.151,2.6,0.949,2.133,3.031,4.447,7.177,3.779,2.388,4.417,2.347,1.964,5.66
1.369,0.813,2.295,0.272,0.149,0.151,0.302,2.582,1.28,1.827,3.089,3.783,4.391,3.06,1.899,5.49,2.539,3.047,5.875
1.99,1.103,2.273,0.187,0.148,0.15,0.163,10.263,0.997,1.583,3.144,3.78,5.179,3.133,2.02,4.571,2.376,2.077,6.043
0.791,0.936,2.025,0.152,0.137,0.148,0.159,4.437,0.986,1.78,3.012,3.641,5.248,3.176,2.22,4.68,2.382,2.068,6.643
1.346,0.818,2.013,0.15,0.146,0.15,0.16,4.258,1.047,1.659,3.237,3.86,8.055,5.848,1.965,5.141,2.463,2.173,5.986
1.257,0.806,2.265,0.285,0.14,0.148,0.149,4.507,1.146,1.661,3.259,4.051,7.393,3.327,2.24,5.377,2.704,2.973,6.726
0.82,0.981,2.389,0.157,0.147,0.15,0.15,2.543,1.223,2.611,3.266,5.07,5.384,3.159,1.861,4.359,2.662,1.864,6.348
1.476,0.832,0.995,0.244,0.135,0.147,0.155,2.693,0.95,1.649,3.124,4.84,6.793,3.022,2.383,4.545,2.424,1.994,9.221
1.253,0.782,2.717,0.174,0.133,0.161,0.159,4.068,0.949,1.72,3.499,3.657,7.632,4.137,1.836,4.295,2.369,1.902,6.156
1.644,0.844,1.842,0.294,0.154,0.161,0.158,3.093,0.94,1.789,3.629,3.654,7.414,4.975,2.491,6.022,2.461,2.048,6.153
1.884,1.448,2.067,0.265,0.302,0.26,0.264,4.342,1.006,2.249,3.356,4.011,4.916,3.284,1.83,7.559,7.741,2.113,6.223
1.46,0.896,1.581,0.15,0.136,0.15,0.161,2.575,0.997,1.703,2.949,4.088,4.89,3.168,2.273,4.234,2.563,1.835,5.88
1.301,0.85,2.596,0.157,0.139,0.194,0.158,3.119,0.939,1.635,3.11,4.306,5.306,3.159,1.785,4.521,2.388,2.009,5.814
0.802,0.956,1.375,0.15,0.153,0.171,0.152,2.532,0.951,1.656,2.973,3.633,4.754,3.266,1.929,4.01,2.381,2.036,6.045
0.814,0.98,2.043,0.142,0.135,0.16,0.296,4.258,0.991,1.795,2.933,3.76,6.031,3.826,1.93,6.53,2.587,1.996,5.83
1.366,0.784,2.196,0.186,0.142,0.15,0.298,4.121,1.027,1.693,3.193,3.817,5.829,3.834,1.91,4.541,2.611,2.07,5.715
1.403,0.85,0.965,0.142,0.166,0.15,0.284,3.104,0.972,1.698,3.397,3.645,6.445,3.132,2.032,7.47,3.136,2.179,6.609
0.852,0.929,3.47,0.152,0.146,0.21,0.15,4.517,0.987,1.657,3.444,3.777,6.164,3.17,1.787,4.399,2.446,1.956,6.087
1.453,0.833,1.091,0.289,0.139,0.147,0.156,4.287,0.939,1.68,2.868,3.774,7.713,3.262,2.384,4.161,2.438,1.991,5.817
1.26,0.64,1.483,0.15,0.135,0.157,0.161,2.552,0.98,1.563,2.897,4.186,5.079,3.154,1.968,4.539,2.45,2.402,6.136
1.744,1.185,1.258,0.159,0.196,0.264,0.222,3.624,0.954,1.714,3.661,4.153,4.889,3.255,2.322,4.686,2.515,2.009,5.97
0.868,0.862,2.485,0.143,0.133,0.187,0.16,4.453,0.959,1.678,2.954,3.872,5.509,3.203,1.888,4.779,2.543,1.891,10.706
1.471,0.699,2.575,0.143,0.137,0.155,0.157,3.916,0.966,1.639,3.39,3.913,4.919,3.159,1.95,4.405,2.265,1.951,6.279
0.84,0.93,2.8,0.292,0.142,0.15,0.15,2.338,1.263,2.05,3.284,4.047,5.203,3.129,1.803,4.161,2.599,1.9,6.11
1.399,1.011,1.512,0.162,0.139,0.208,0.154,2.691,1.034,1.624,3.15,3.607,7.599,3.336,1.75,4.336,2.549,2.356,5.53
1.264,0.964,1.789,0.141,0.141,0.154,0.309,2.461,1.149,1.816,3.101,3.792,6.541,3.575,4.097,4.833,4.791,2.204,6.449
1.307,1.86,1.519,0.151,0.134,0.156,0.158,5.729,1.022,1.76,3,3.779,6.051,3.442,1.937,5.719,2.479,2.292,5.87
1.373,0.988,1.936,0.264,0.154,0.281,0.301,3.395,0.941,3.02,2.989,3.942,5.094,2.978,1.829,5.246,2.495,1.876,6.001
3.306,0.837,1.357,0.149,0.146,0.157,0.167,2.532,0.975,1.669,3.025,4.064,3.882,10.504,1.849,5.421,2.73,2.079,6.082
1.271,0.856,2.443,0.153,0.14,0.15,0.158,4.301,0.945,1.726,3.055,4.397,5.733,3.06,2.006,4.674,3.214,2.037,6.225
1.436,0.916,2.114,0.156,0.146,0.157,0.167,5.712,1.248,2.012,3.671,3.748,5.43,3.888,2.409,4.733,2.418,1.795,6.439
1.372,0.813,2.419,0.143,0.149,0.154,0.293,4.25,0.988,1.715,3.09,3.979,5.913,3.525,2.102,4.399,2.489,1.927,5.903
1.695,0.834,1.293,0.272,0.143,0.146,0.148,4.995,1.093,1.835,3.567,3.823,5.369,3.235,2.294,4.367,2.518,1.961,15.099
0.774,1.124,2.351,0.15,0.146,0.149,0.15,2.704,0.947,1.75,3.022,4.349,6.425,2.993,2.505,4.888,2.268,2.07,5.747
2.946,0.948,1.613,0.144,0.137,0.154,0.167,4.236,0.967,1.707,3.288,3.814,5.66,2.968,1.833,4.348,2.781,5.557,6.604
1.498,0.888,2.207,0.142,0.134,0.159,0.159,2.953,0.979,1.64,3.028,4.04,5.739,3.148,1.818,4.332,2.47,6.266,6.79
0.869,1.068,1.761,0.271,0.14,0.198,0.283,3.147,0.96,1.723,3.074,4.048,5.39,3.012,2.383,5.214,2.569,2.197,6.366
1.308,4.435,3.595,0.274,0.14,0.148,0.149,6.802,1.072,1.728,3.696,3.813,10.891,3.2,2.608,5.276,3.156,1.954,5.952
1.238,0.834,2.29,0.16,0.165,0.161,0.164,2.555,1.064,1.917,3.164,3.851,4.042,3.506,1.822,4.409,2.398,2.046,5.753
1.383,0.832,1.324,0.286,0.165,0.154,0.148,4.097,1.35,1.881,2.928,3.774,5.203,3.364,3.535,6.079,2.585,1.948,5.886
0.82,1.179,2.254,0.153,0.149,7.789,0.163,3.312,0.959,2.108,3.109,3.737,4.685,3.859,2.484,4.475,2.601,1.898,5.951
1.435,0.853,2.069,0.293,0.147,0.151,0.16,4.273,1.009,1.667,3.047,3.659,4.654,3.48,4.327,4.39,2.991,1.958,6.348
0.97,0.864,2.445,0.199,0.142,0.15,0.162,4.26,0.963,1.666,3.386,3.713,5.864,3.894,1.884,4.379,2.747,1.823,6.074
2.214,1.153,1.057,0.158,0.248,0.316,0.162,2.745,0.991,1.655,7.172,4.594,11.157,23.646,1.9,5.216,2.347,1.906,5.845
1.352,1.044,1.641,0.16,0.136,0.155,0.295,4.042,1.008,3.597,3.372,3.749,5.496,4.025,1.871,4.555,2.378,1.952,6.256
1.247,0.791,2.12,0.15,0.199,0.156,0.161,5.273,0.947,1.673,2.894,3.706,5.551,3.181,2.453,4.432,2.475,2.304,6.825
1.329,1.099,6.514,0.148,0.146,0.279,0.16,3.787,0.96,2.012,3.103,3.744,6.914,3.094,1.851,4.284,2.422,2.018,6.242
1.064,0.961,4.112,0.161,0.158,0.155,0.168,4.256,0.946,1.6,4.005,3.6,4.165,3.45,1.872,5.033,2.482,2.14,6.492
1.391,0.845,2.241,0.269,0.139,0.148,0.147,2.521,0.938,1.67,3.005,3.689,7.245,3.867,1.765,4.363,3.06,1.937,6.211
1.721,0.803,2.319,0.194,0.136,0.15,0.177,2.485,1.005,1.639,3.279,3.652,5.317,3.223,2.359,3.989,3.029,2.771,6.043
1.305,0.797,2.117,0.146,0.137,0.145,0.176,4.343,1.151,1.687,2.881,3.752,4.945,3.122,2.204,4.311,6.28,1.977,6.275
1.322,0.816,1.764,0.149,0.256,0.155,0.152,4.784,4.745,1.758,3.158,3.532,7.782,4.433,2.459,4.825,2.51,1.992,6.029
1.3,0.948,0.868,0.292,0.144,0.15,0.161,4.259,1.063,1.712,6.629,3.584,6.163,3.391,1.916,4.325,2.447,1.959,5.821
1.417,0.978,0.942,0.142,0.141,0.16,0.16,4.103,0.96,1.64,3.025,4.319,5.886,3.157,1.758,4.75,2.388,1.895,5.644
1.304,0.983,0.974,0.144,0.144,0.152,0.158,2.842,1.005,1.625,3.014,3.624,10.91,3.929,1.802,4.493,2.52,1.826,6.019
0.792,0.97,1.697,0.143,0.141,0.148,0.161,3.347,1.204,1.687,2.99,4.901,9.342,3.143,2.431,4.4,2.543,1.905,6.226
1.241,0.811,1.945,0.149,0.141,0.148,0.154,4.469,1.009,1.663,3.097,3.762,4.827,3.173,2.093,4.493,2.545,2.064,5.632
1.435,0.664,1.911,0.154,0.145,0.15,0.156,2.894,1.005,1.57,4.31,3.669,5.355,3.131,1.815,4.24,2.805,1.943,6.186
1.421,0.888,2.001,0.149,0.138,0.157,0.159,2.344,0.934,1.61,2.831,3.751,5.138,3.345,4.237,4.598,2.524,2.018,6.761
1.307,0.798,2.483,0.158,0.164,0.266,0.296,5.409,0.966,1.675,3.363,3.626,5.038,3.116,1.79,5.125,2.448,1.899,6.067
1.279,0.787,1.95,0.269,0.139,0.158,0.32,2.727,5.387,1.908,3.045,3.876,5.011,2.999,1.995,4.319,2.352,2.462,5.461
1.253,0.921,1.369,0.273,0.145,0.204,0.153,3.095,1.603,1.658,5.439,4.808,6.54,3.671,1.865,4.733,2.463,1.959,5.54
1.553,0.883,1.967,0.157,0.143,0.149,0.159,2.482,0.938,1.642,3.254,3.853,4.726,3.066,2.201,4.399,2.302,1.936,5.879
1.611,0.888,1.73,0.163,0.141,0.147,0.159,3.894,1.132,1.936,5.689,6.864,9.206,4.537,2.922,7.525,3.997,2.864,7.397
0.787,0.922,2.844,0.152,0.136,0.148,0.157,3.017,1.119,2.229,3.017,3.863,4.6,3.024,2.938,4.407,2.569,1.795,6.406
1.333,0.826,2.028,0.152,0.137,0.147,0.149,4.249,1.002,1.741,3.029,3.997,6.333,3.231,1.893,4.945,2.435,1.998,6.256
1.279,1.256,0.951,0.272,0.144,0.267,0.159,4.731,0.998,1.632,3.007,5.938,5.74,6.765,1.801,4.708,2.455,2.098,7.138
0.795,0.923,3.386,0.198,0.145,0.157,0.183,2.565,0.96,1.681,3.627,3.688,6.596,3.433,2.163,4.547,2.471,2.003,6.321
0.823,0.841,1.838,0.149,0.214,0.149,0.159,4.761,0.931,1.547,2.871,3.7,6.138,2.81,1.768,4.495,2.652,1.934,7.082
1.328,0.875,1.914,0.143,0.144,0.2,0.157,4.242,0.947,1.926,3.004,3.749,4.915,3.347,2.968,4.851,2.456,1.889,5.938
1.29,0.8,1.839,0.152,0.145,0.147,11.096,3.96,0.945,1.915,3.089,3.882,7.162,3.28,5.844,4.613,2.545,1.832,6.074
0.783,0.945,1.654,0.147,0.142,0.159,0.161,3.812,1.081,1.611,3.089,4.142,5.18,3.859,1.807,4.548,2.541,2.058,5.971
1.35,0.815,1.938,0.144,0.136,0.155,0.301,2.43,0.977,1.661,4.689,3.939,4.381,4.809,2.679,5.501,2.511,2.905,6.438
0.844,0.887,2.269,0.283,0.156,0.151,0.151,4.371,0.973,1.983,2.892,3.693,5.628,3.64,2.631,5.433,2.588,1.941,6.034
1.675,0.853,1.394,0.279,0.142,0.185,0.163,4.755,1.171,1.652,3.059,3.741,4.776,3.124,1.842,4.486,2.525,1.923,5.746
1.351,0.842,1.452,0.29,0.143,0.154,0.155,4.36,0.986,1.748,2.978,3.607,6.609,4.028,1.777,5.088,2.913,3.433,7.686
0.798,0.595,2.035,0.152,0.184,0.151,0.156,4.579,1.051,1.706,3.264,4.116,5.717,3.305,2.106,4.32,2.364,1.898,5.833
1.262,0.84,2.099,0.156,0.143,0.148,0.155,3.105,0.962,1.677,2.986,3.803,5.31,3.104,1.785,5.566,2.383,2.037,5.616
1.388,0.846,1.169,0.143,0.138,0.148,0.171,2.997,0.986,1.77,3.895,3.896,5.214,3.312,2.332,5.621,2.873,2.083,6.042
2.097,1.428,2.081,0.281,0.138,0.151,0.161,3.289,1.036,1.726,2.925,3.588,5.904,3.117,1.856,4.25,2.533,2.012,6.87
1.256,0.853,2.451,0.144,0.142,0.153,0.303,4.261,0.99,1.802,2.975,4.281,4.295,3.286,2.298,4.433,2.417,1.972,5.707
1.553,1.127,1.908,0.385,0.143,0.157,0.166,2.904,1.032,1.672,3.154,4.467,6.149,2.981,2.657,5.272,2.371,1.863,6.537
1.273,0.797,3.272,0.153,0.147,0.303,0.158,5.539,1.16,2.361,3.529,4.174,5.74,3.17,1.816,4.958,2.308,1.936,6.66
1.829,0.813,2.027,0.149,0.136,0.147,0.156,4.351,0.957,1.751,4.059,4.204,6.107,3.131,2.31,4.581,2.48,1.928,6.261
1.288,0.874,2.861,0.158,0.145,0.152,0.187,2.999,1.019,1.626,3.436,3.993,6.54,3.208,1.901,4.678,3.293,2.844,6.015
1.301,0.885,1.856,0.296,0.138,0.149,0.156,2.667,0.939,1.668,3.224,3.783,4.622,3.018,1.861,5.051,2.832,1.911,5.633
1.24,0.895,1.464,0.151,0.14,0.149,0.164,4.126,0.958,1.655,3.053,3.902,5.619,3.347,1.801,6.734,2.344,2.158,6.196
1.458,0.807,2.119,0.15,0.148,0.162,0.158,4.318,1.161,1.6,3.079,3.557,5.655,3.079,2.455,5.214,2.414,2.079,6.184
1.478,1.019,1.217,0.274,0.149,0.178,0.177,2.777,0.967,1.733,3.102,3.812,5.06,5.968,3.215,9.127,2.663,1.916,6.182
1.281,0.959,1.314,0.15,0.136,0.149,0.161,4.636,0.989,1.659,3.009,4.064,6.226,3.284,1.755,4.478,2.693,1.976,5.899
1.311,0.803,2.333,0.154,0.499,0.164,0.159,4.088,0.957,1.868,3.531,4.081,4.48,3.453,3.102,4.61,2.897,2.49,7.101
1.269,0.812,2.572,0.242,0.19,0.155,0.156,2.735,1.044,1.862,3.08,4.192,6.613,3.569,2.042,4.96,2.55,1.96,5.803
1.597,1.599,1.839,0.273,0.245,0.238,0.151,2.484,0.993,1.519,3.897,3.672,5.014,3.014,1.784,4.615,2.652,1.926,6.036
1.453,0.826,3.435,0.15,0.138,0.154,0.206,4.981,1.004,1.745,3.145,4.234,5.866,3.08,2.198,4.569,2.798,1.851,5.968
0.857,0.835,1.936,0.151,0.152,0.149,0.172,4.377,0.972,1.764,2.931,4.167,5.95,6.596,1.867,4.4,2.39,1.919,5.972
0.83,0.899,1.929,0.333,0.145,0.155,0.334,4.099,0.949,1.664,2.983,3.678,6.913,4.599,2.112,4.697,2.991,3.266,7.814
1.318,0.917,1.636,0.159,0.155,0.162,0.156,6.05,0.953,1.643,3.31,3.877,5.066,3.157,2.523,4.4,2.279,2,5.808
2.537,0.818,1.974,0.167,0.149,0.158,0.148,2.621,1.023,1.921,5.066,3.748,6.712,3.12,2.441,4.468,2.406,1.977,7.867
1.57,0.848,1.402,0.154,0.145,0.152,0.321,3.255,1.022,1.698,3.42,4.57,5.581,3.041,2.294,4.389,2.331,2.047,5.887
1.247,0.855,1.482,0.15,0.247,0.207,0.258,2.738,0.951,1.631,3.364,4.152,5.942,3.884,2.29,5.44,2.471,1.958,6.068
0.807,0.882,2.539,0.141,0.191,0.153,0.296,3.051,1.028,1.749,3.008,3.573,5.1,3.191,2.338,4.302,2.591,1.922,5.768
1.264,0.813,1.028,0.154,0.141,0.146,0.307,3.005,1.069,1.572,2.927,4.275,5.469,8,2.379,4.361,2.413,1.922,5.716
1.625,0.851,1.027,0.165,0.224,0.148,0.164,2.6,1.347,1.677,3.261,3.813,5.673,3.061,2.869,5.503,3.36,2.195,6.183
1.251,0.863,2.063,0.151,0.138,0.148,0.159,3.203,1.047,2.08,3.08,4.64,5.875,3.981,1.798,4.429,2.297,2.073,6.457
1.272,0.809,1.987,0.158,0.208,0.149,0.189,2.79,0.98,1.783,3.094,3.966,8.062,4.05,5.017,4.311,2.805,1.98,6.507
1.347,1.048,3.649,0.29,0.138,0.167,0.157,4.111,1.009,1.738,2.873,3.689,7.374,2.962,1.91,4.584,2.41,2.14,5.946
1.477,0.813,3.349,0.157,0.227,0.166,0.164,3.895,1.108,2.1,3.668,4.035,9.659,3.156,2.354,4.7,2.678,1.954,6.377
1.262,0.922,1.605,0.158,0.147,0.15,0.174,2.747,0.927,1.679,3.277,3.722,5.471,3.02,1.765,4.598,3.19,1.995,6.065
1.291,0.993,1.774,0.149,0.222,0.19,0.194,2.67,1.04,1.665,3.235,3.927,6.695,3.2,1.91,4.682,2.562,2.02,5.786
0.809,1.15,2.293,0.156,0.145,0.149,0.157,3.883,0.948,1.642,3.364,3.907,7.955,3.356,2.286,4.369,2.444,2.264,5.962
1.036,2.221,2.257,0.28,0.232,0.166,0.31,4.349,0.985,1.653,3.318,3.829,5.906,3.708,1.979,5.041,3.189,2.23,6.246
1.29,0.833,1.121,0.267,0.3,0.151,0.156,4.367,4.684,1.711,2.899,3.743,5.465,3.012,1.816,4.691,2.372,2.198,5.504
1.278,1.028,1.499,0.152,0.145,0.167,0.155,4.153,1.152,1.62,2.983,3.614,4.536,3.257,1.789,4.432,2.568,2.08,8.657
1.298,0.906,2.662,0.148,0.135,0.149,0.161,2.361,0.963,1.725,2.863,3.783,4.94,3.548,2.423,4.477,2.524,1.854,7.151
1.54,0.929,2.857,0.147,0.142,0.342,0.159,4.306,0.997,1.754,3.095,3.871,5.783,3.185,2.428,4.574,3.18,2.205,9.34
1.354,1.029,2.016,0.27,0.14,0.151,0.147,4.741,0.93,1.628,3.535,3.8,4.925,3.077,2.026,8.331,2.75,2.558,7.082
1.276,0.843,1.867,0.28,0.139,0.149,0.158,2.862,1.002,1.875,4.598,4.851,5.073,3.001,3.55,4.555,2.835,1.954,5.857
1.501,0.914,0.94,0.252,0.147,0.156,0.155,2.644,1.012,1.599,3.133,3.77,4.863,3.594,1.894,4.609,2.529,1.914,5.902
0.799,0.918,2.069,0.156,0.146,0.212,0.23,7.122,1.111,1.762,3.748,3.928,4.955,3.178,2.358,4.93,2.433,1.952,5.812
1.546,1.341,1.593,0.16,0.135,0.146,0.157,12.265,0.984,1.709,3.316,4.496,5.226,3.168,5.021,6.13,2.523,2.281,5.942
1.001,0.838,2.398,0.247,0.139,0.151,0.294,2.738,0.952,1.564,2.84,4.029,4.271,3.249,2.528,5.148,2.932,1.809,5.486
1.286,0.951,1.173,0.184,0.174,0.148,0.212,4.008,1.161,1.75,2.996,3.71,7.463,3.192,2.313,5.18,2.73,2.178,6.797
1.363,0.809,1.16,0.274,0.145,0.148,0.149,3.631,1.196,2.088,3.222,3.836,4.774,3.227,1.957,4.593,2.596,1.986,5.86
1.308,0.905,1.631,0.356,0.14,0.153,0.303,2.578,1.02,1.871,3.154,4.106,4.827,3.049,2.213,4.423,2.458,1.927,6.078
0.8,0.918,1.828,0.15,0.147,0.149,0.182,4.394,1.327,1.665,3.478,3.739,5.913,3.339,2.189,4.486,2.64,2.002,6.162
1.305,0.895,0.99,0.161,0.163,0.152,0.158,2.746,1.18,1.698,3.24,4.395,6.677,4.916,3.5,5.091,2.325,2.299,5.598
1.342,0.824,2.142,0.154,0.152,0.161,0.169,3.999,1.646,1.572,3.048,3.776,5.141,3.162,1.962,5.176,2.587,1.984,5.848
1.351,0.865,1.111,0.152,0.149,0.152,0.151,2.528,2.479,1.842,3.102,3.772,5.167,4.544,2.058,4.93,2.486,1.996,9.788
1.285,0.805,1.936,0.144,0.374,0.156,0.166,5.702,0.958,1.762,3.097,4.475,6.857,4.28,1.975,4.494,2.428,1.963,5.603
1.382,1.122,1.302,0.156,0.142,0.164,0.149,3.933,0.918,1.546,2.946,3.787,5.144,3.116,1.767,4.468,2.795,1.878,6.096
1.297,0.852,2.043,0.233,0.136,0.165,0.158,4.058,1.048,1.799,3.159,3.892,6.09,3.508,2.273,4.541,2.398,2.013,6.209
1.491,0.603,1.761,0.151,0.138,0.148,0.164,4.169,1.006,1.731,3.09,3.599,5.715,3.35,5.644,5.139,2.448,2.189,5.994
1.612,1.532,1.959,0.262,0.148,0.165,0.164,5.154,0.958,2.092,3.244,4.124,5.079,3.081,1.949,4.701,2.418,1.813,5.809
1.304,0.621,1.445,0.148,0.145,0.158,0.318,2.831,1.093,1.67,3.165,3.841,4.31,4.254,1.802,4.341,2.56,1.877,6.012
1.297,0.811,1.328,0.265,0.138,0.152,0.147,5.674,1.023,1.712,3.113,3.759,5.966,3.251,1.783,4.482,2.433,1.964,6.13
0.848,0.89,2.25,0.15,0.147,0.16,0.152,2.661,0.953,1.651,2.85,4.197,7.533,2.962,2.407,6.083,2.401,1.953,5.856
1.683,0.892,2.298,0.172,0.139,0.148,0.159,4.191,1,1.651,2.959,5.39,4.478,3.247,2.386,4.502,2.397,1.985,5.604
1.273,1.11,3.759,0.154,0.142,0.15,0.158,3.861,0.949,1.629,3.204,4.013,6.544,4.741,1.808,4.278,2.435,1.92,6.462
1.964,1,1.485,0.175,0.137,0.147,0.156,2.567,1.13,1.911,3.025,3.799,5.448,3.577,2.465,4.177,2.193,1.975,5.593
0.818,0.806,1.839,0.289,0.141,0.147,0.146,4.625,0.939,1.642,2.975,3.655,6.024,3.1,1.82,6.781,2.506,1.96,6.202
1.576,0.96,1.351,0.158,0.254,0.152,0.156,3.058,0.949,1.82,3.673,3.62,4.791,3.344,3.789,4.403,2.461,1.8,5.931
1.23,0.812,5.706,0.272,0.14,0.147,0.149,5.033,0.924,1.684,3.137,4.119,5.097,3.152,2.324,4.645,2.465,1.924,5.99
1.323,0.956,4.721,0.284,0.243,0.262,0.302,3.688,1.015,2.046,4.802,5.323,8.133,4.312,3.349,4.477,2.45,1.941,5.802
1.39,1.438,1.582,0.154,0.14,0.15,0.161,5.234,0.935,1.621,3.335,4.288,5.899,3.09,2.96,6.068,3.516,1.91,5.875
1.472,1.262,1.556,0.151,0.192,0.151,0.158,4.573,1.005,1.65,3.115,3.9,5.102,3.141,2.217,4.855,2.412,1.955,6.613
1.346,0.837,1.108,0.147,0.137,0.22,0.158,2.356,0.998,1.633,4.552,5.287,4.381,3.377,2.432,4.21,2.756,1.907,6.048
1.317,0.822,1.282,0.145,0.142,0.149,0.159,4.245,0.939,2.039,3.071,3.843,5.492,3.122,1.773,4.481,2.558,1.826,6.038
1.285,0.97,2.174,0.274,0.148,0.165,0.16,3.814,1.064,1.638,3.326,5.514,6.838,3.494,2.154,4.732,2.456,2.048,6.341
1.516,1.477,1.799,0.274,0.166,0.158,0.148,2.559,0.929,1.728,3.136,3.788,4.997,4.124,1.898,4.191,2.547,1.86,6.518
0.772,1.01,1.739,0.149,0.141,0.149,0.157,2.699,1.011,1.729,2.861,4.018,8.408,3.432,1.826,4.436,2.455,1.906,7.155
1.958,0.84,1.741,0.149,0.142,0.151,0.149,2.582,0.949,1.608,3.197,3.594,5.361,3.078,1.835,4.528,2.403,2.181,6.277
1.252,0.797,3.686,0.249,0.209,0.191,0.165,3.732,1.15,2.669,3.439,4.1,5.88,3.552,1.812,4.415,2.698,1.864,5.853
1.316,1.299,1.878,0.142,0.136,0.159,0.16,2.446,0.947,1.636,3.963,3.87,8.023,3.312,1.805,4.573,2.531,2.009,6.569
0.814,1.105,2.475,0.142,0.157,0.148,0.251,2.572,1.052,1.668,4.954,4.198,6.504,3.727,2.638,4.313,2.411,3.02,7.693
1.297,0.811,2.078,0.289,0.148,0.149,0.147,2.576,0.989,1.696,3.096,3.818,5.249,3.18,1.86,4.075,2.389,2.76,6.364
1.641,0.809,2.467,0.149,0.153,0.169,0.174,7.777,0.995,2.014,3.529,3.689,6.305,3.619,2.398,4.988,4.087,1.973,6.591
1.483,0.924,1.386,0.151,0.158,0.151,0.28,3.637,1.212,1.662,3.165,3.72,3.991,3.181,2.368,4.476,2.523,2.605,6.158
0.816,0.889,2.175,0.149,0.147,0.168,0.159,4.197,0.953,1.832,2.924,3.984,4.276,3.581,2.317,5.083,2.459,1.9,5.964
1.247,0.821,2.832,0.151,0.145,0.152,0.305,4.061,1.391,1.924,3.326,4.23,4.967,3.917,2.783,4.453,2.65,1.969,6.493
1.281,1.38,2.128,0.22,0.217,0.162,0.293,2.559,0.99,1.554,3.175,4.018,6.028,3.799,1.807,4.453,2.512,1.874,5.933
1.451,0.961,1.755,0.143,0.139,0.147,0.296,3.851,0.967,1.632,2.967,3.777,6.679,3.181,2.308,4.367,2.512,2.403,6.046
1.273,0.792,2.592,0.148,0.139,0.148,0.157,4.342,1.121,1.686,3.101,4.337,5.79,6.177,1.98,4.385,2.439,2.222,5.536
1.494,0.853,1.955,0.288,0.15,0.168,0.303,3.106,0.966,3.385,3.371,4.16,4.096,3.026,2.067,5.108,2.45,2.353,6.777
1.513,0.794,1.539,0.14,0.285,0.237,8.24,5.364,0.951,1.673,2.858,3.903,4.779,3.642,4.851,5.078,2.368,1.952,5.97
1.334,0.795,1.682,0.15,0.15,0.148,0.16,4.204,1.425,1.707,3.322,3.762,4.272,3.351,2.121,4.697,2.448,1.813,6.414
1.245,0.826,1.908,0.155,0.147,0.154,0.225,4.973,0.965,1.696,2.941,3.822,5.185,3.405,1.813,4.301,2.484,1.987,5.922
1.265,1.146,2.814,0.303,0.139,0.15,0.158,2.6,2.624,1.773,3.123,3.824,5.601,3.142,1.835,5.432,2.673,1.938,5.904
