native,quick,fastsort,countingObj,countingObj2,countingObj3,gnome,shaker,lodash,bucket,merge,bubble,sbubble,insertion,selection
0.187,0.569,1.2,2.758,0.26,0.246,3.702,5.342,4.202,0.574,1.905,6.069,4.687,3.47,2.709
0.165,0.764,1.29,0.175,0.148,0.255,10.922,6.172,2.361,0.56,0.755,7.413,3.43,3.867,4.982
0.165,0.476,0.991,0.158,0.858,0.145,3.825,5.125,4.448,0.804,0.784,7.156,3.687,2.851,3.188
0.163,0.475,1.428,0.169,0.159,0.141,6.016,6.913,4.234,0.622,1.008,5.012,4.662,6.487,3.375
0.175,0.524,1.084,0.158,0.145,0.15,4.558,6.422,3.021,0.56,0.811,5.329,3.503,6.184,3.161
0.174,0.52,3.411,0.177,0.15,0.144,7.842,5.506,2.001,1.013,0.753,9.039,3.479,4.09,3.023
0.175,0.504,1.296,0.234,0.15,0.147,16.125,4.693,2.159,0.68,1.111,14.149,7.916,2.992,3.4
0.207,0.724,1.193,0.152,1.775,0.149,6.083,6.557,2.388,8.689,0.771,5.882,5.458,3.192,5.201
0.165,2.192,1.283,0.162,0.154,0.205,5.158,11.905,3.289,0.555,0.799,20.352,5.676,4.487,2.697
0.173,1.209,2.411,0.153,0.143,0.138,7.617,5.533,3.263,0.553,0.845,5.772,3.973,3.727,2.662
0.164,0.491,1.096,0.145,0.134,0.143,6.247,6.968,2.22,0.787,0.755,5.161,3.354,3.821,2.915
0.165,0.525,1.529,0.156,0.141,0.145,3.826,8.045,3.084,0.568,1.614,6.076,4.407,4.882,2.805
0.176,0.545,1.291,0.154,0.143,0.156,5.302,4.214,3.326,0.884,1.643,5.541,5.914,12.255,5.363
0.164,0.469,1.581,0.162,0.145,0.198,4.94,4.577,2.4,24.31,0.801,52.34,11.126,5.21,3.713
0.169,0.503,2.113,0.157,0.711,0.444,4.259,4.236,2.127,0.556,2.074,5.153,4.308,2.915,33.356
0.165,0.476,1.141,0.155,0.138,0.15,4.277,4.314,3.759,0.559,0.757,5.184,10.178,3.151,2.949
0.184,0.707,0.951,0.161,0.152,0.148,4.475,5.573,2.53,0.586,1.083,5.394,4.901,2.902,2.937
0.298,0.535,1.138,0.241,0.15,0.148,7.196,146.664,4.089,0.607,1.065,6.649,3.555,4.895,4.202
0.165,0.568,1.042,0.191,0.181,0.149,10.82,8.352,2.797,0.623,1.133,6.129,4.677,3.557,2.949
0.164,0.494,1.691,0.149,0.14,0.143,3.9,4.393,4.576,0.553,0.839,7.466,3.568,3.747,3.171
0.17,0.547,1.272,0.153,0.149,0.145,6.284,5.134,4.841,0.571,1.322,5.262,3.477,3.274,3.04
0.165,0.479,1.299,0.343,0.148,0.15,4.872,4.308,2.596,0.588,0.822,5.434,3.681,4.755,3.291
0.175,0.527,0.94,0.155,0.15,0.141,4.214,6.481,2.305,0.583,4.002,5.524,3.547,2.751,2.733
0.169,0.478,1.083,0.158,0.142,0.14,4.398,4.277,1.967,0.554,0.832,6.76,3.489,4.186,9.1
0.333,0.504,1.492,0.158,0.143,0.142,5.326,4.688,2.035,0.608,0.774,4.745,5.257,3.086,2.779
0.17,0.514,1.39,0.158,0.148,0.142,5.729,4.609,2.36,0.596,0.778,5.318,3.746,3.656,3.234
0.171,0.525,1.418,0.152,0.144,0.14,3.739,4.451,3.541,0.57,1.13,5.694,4.027,3.919,3.599
0.17,0.489,1.492,0.144,0.138,0.166,4.163,5.242,2.337,0.597,0.807,5.294,4.723,3.445,2.921
0.174,0.551,0.954,0.157,0.153,0.148,3.773,5.996,2.913,1.387,0.808,7.104,3.948,2.935,2.735
0.176,0.857,1.313,0.159,0.149,0.148,3.936,4.99,2.524,0.608,0.935,5.789,3.656,2.944,3.515
0.178,0.526,0.914,0.153,0.147,0.143,3.989,4.619,2.192,0.636,0.792,5.198,3.599,3.134,3.238
0.177,0.513,1.721,0.155,0.153,0.148,4.353,4.394,4.325,0.591,0.909,5.403,3.971,3.564,4.346
0.173,0.493,0.921,0.159,0.159,0.155,3.987,5.658,1.968,0.658,0.791,5.182,4.772,4.203,4.325
0.174,0.513,1.182,0.155,0.147,0.146,5.568,4.798,3.049,0.593,0.878,5.941,4.866,9.481,5.111
0.173,0.49,1.335,0.154,0.15,0.15,3.943,4.968,2.067,0.628,0.856,7.336,4.645,3.261,3.206
0.224,0.61,1.371,0.183,0.148,0.153,4.065,4.512,2.319,0.599,0.792,7.154,3.79,3.333,2.837
0.174,0.5,0.932,0.151,0.149,0.155,4.05,4.713,1.926,0.633,0.863,5.452,3.592,3.299,3.227
0.184,0.502,1.201,0.155,0.149,0.206,4.125,6.111,3.205,0.583,1.052,6.312,9.19,3.058,3.078
0.173,0.512,0.953,0.162,0.152,0.148,4.197,4.879,3.354,0.586,0.858,5.201,16.361,21.583,13.174
0.226,0.592,1.659,0.303,0.151,0.161,8.443,4.967,2.112,0.595,0.826,10.199,4.34,3.262,4.395
0.18,0.53,14.811,0.222,0.911,0.151,7.409,11.62,4.917,0.668,1.446,17.092,14.18,18.817,3.741
0.186,0.57,1.224,0.167,0.157,0.159,6.539,5.188,6.806,0.65,0.889,8.518,4.972,6.552,3.098
0.187,0.612,5.157,0.225,0.247,0.326,12.14,6.605,4.546,10.87,0.955,5.825,12.447,3.747,5.573
0.185,0.565,1.12,0.325,0.317,0.16,6.241,5.882,3.725,0.634,0.857,5.864,4.293,3.233,7.237
0.186,0.617,1.33,0.221,0.156,0.156,7.016,8.231,6.18,0.63,0.86,5.69,4.347,3.385,16.426
0.233,0.572,1.226,0.167,0.148,0.156,4.254,5.561,2.142,0.637,0.867,10.668,9.601,3.645,3.395
0.19,0.544,1.61,0.582,0.261,0.158,7.242,7.726,2.166,0.646,0.977,5.598,15.267,5.632,5.244
0.185,0.551,1.464,0.165,0.281,0.156,5.835,4.936,3.653,0.638,1.02,6.667,6.235,4.306,3.972
0.187,0.561,1.437,0.162,0.159,0.158,5.152,5.124,4.961,0.637,0.853,6.833,5.714,3.263,3.073
0.189,0.524,1.383,0.17,0.155,0.161,4.107,7.123,2.639,0.643,7.354,5.748,3.733,3.131,2.97
0.197,0.547,3.514,0.174,0.179,0.202,4.35,4.998,2.781,0.645,0.86,8.117,4.999,3.347,5.311
0.182,0.532,1.497,0.164,0.402,0.153,5.227,12.599,2.36,0.615,0.837,8.195,18.786,3.286,2.786
0.176,0.509,1.256,0.156,0.148,0.145,4.958,6.246,2.405,0.598,0.883,9.559,6.751,3.192,3.621
0.2,0.697,1.787,0.158,0.143,0.152,4.093,5.188,2.681,1.004,0.822,6.971,3.54,2.966,3.553
0.178,0.519,1.332,0.297,0.146,0.145,9.481,13.517,5.334,0.835,3.627,5.535,3.851,4.001,7.206
0.559,0.565,1.428,0.172,0.148,0.148,4.131,8.823,2.516,0.623,0.861,6.608,22.078,3.148,4.691
0.34,0.602,3.034,0.161,0.151,0.157,5.978,6.016,2.857,0.631,0.864,5.682,5.108,8.042,3.025
0.602,0.512,1.444,0.176,0.146,0.149,4.007,6.802,2.55,0.652,0.811,6.314,4.551,3.087,3.39
0.209,0.675,1.31,0.159,0.15,0.149,5.722,5.167,2.254,0.597,0.942,5.336,4.204,3.324,3.437
0.189,11.683,8.795,0.17,0.157,0.158,4.353,5.748,3.111,0.641,1.525,6.477,4.095,3.468,3.352
0.19,0.558,1.566,0.383,0.154,0.156,7.972,5.662,2.709,0.641,0.863,8.207,6.313,3.415,3.52
0.186,0.544,1.901,0.161,0.157,0.16,4.528,5.369,2.396,0.694,0.905,5.869,6.143,5.697,4.04
0.179,0.542,1.234,0.155,0.154,0.149,5.149,6.282,2.26,0.618,0.841,7.725,6.07,4.288,4.219
0.176,0.558,2.212,0.161,0.142,0.146,8.197,7.476,4.91,0.595,1.503,5.499,4.728,3.254,3.707
0.178,0.531,1.535,0.154,0.146,0.148,4.613,6.156,3.58,0.594,0.814,7.786,3.674,5.033,3.306
0.172,0.495,0.929,0.147,0.179,0.14,7.959,4.668,2.016,0.6,0.79,5.441,3.373,3.856,2.846
0.171,0.832,1.356,0.154,0.135,0.986,3.869,4.639,6.09,0.59,0.921,6.515,3.554,2.92,4.383
0.17,0.506,1.649,0.164,0.306,0.148,4.991,5.052,2.547,1.578,1.508,7.016,4.88,4.508,3.337
0.177,0.504,1.305,0.163,0.146,0.144,6.086,5.542,3.204,0.611,2.431,5.215,4.211,3.097,8.281
0.184,0.569,1.287,0.16,0.151,0.158,5.056,8.058,3.799,0.771,0.928,7.653,3.745,3.347,4.076
0.185,0.562,1.453,0.166,2.086,0.158,5.873,6.771,2.189,1.095,0.883,10.404,4.554,5.41,5.276
0.193,1.435,1.386,0.168,0.158,0.16,5.885,5.168,3.762,0.647,0.875,6.983,10.454,4.146,3.556
0.19,0.563,1.813,0.16,0.324,0.369,4.516,7.206,2.053,0.685,0.884,5.917,3.835,3.59,3.858
0.182,2.649,1.316,0.162,0.637,0.152,6.333,5.748,2.291,0.637,0.846,12.874,4.284,3.118,3.665
0.181,0.54,1.337,0.166,0.154,0.156,7.174,5.574,6.032,0.647,0.933,8.887,4.338,3.442,2.974
0.199,0.514,2.736,0.158,0.149,0.169,4.366,5.602,2.981,0.934,0.813,7.233,4.925,4.069,3.059
0.176,1.072,1.371,0.158,0.144,0.146,15.349,5.476,4.416,0.785,4.56,6.704,5.102,3.072,5.691
0.175,0.539,1.187,0.172,0.149,0.149,4.971,6.192,4.801,0.604,1.057,5.86,3.78,3.593,3.141
0.176,0.516,1.393,0.153,0.162,0.149,4.597,5.503,15.922,0.605,0.826,11.985,3.489,3.858,2.663
0.171,0.501,1.298,0.337,0.179,0.144,3.979,6.615,2.365,0.597,1.782,7.928,3.65,3.211,3.194
0.254,0.528,1.433,0.163,0.143,0.453,13.492,4.592,4.538,0.604,0.811,5.616,3.65,2.969,2.875
0.176,0.533,2.318,0.156,1.075,0.167,4.047,5.49,3.389,0.612,11.762,5.457,7.166,10.959,5.412
0.176,0.536,1.729,0.365,0.151,0.146,5.164,20.418,2.15,0.633,0.871,6.913,4.432,3.493,3.042
0.181,2.079,1.339,0.164,0.146,0.153,4.576,4.771,2.123,0.619,3.973,5.627,5.76,3.085,3.128
0.181,0.545,1.861,0.165,0.154,0.155,4.753,4.97,2.127,0.842,1.062,6.211,3.767,3.03,2.938
0.197,0.547,2.045,0.242,0.153,0.161,6.241,4.817,2.119,0.945,0.835,5.824,4.196,3.106,3.973
0.18,0.525,2.784,2.542,0.154,0.219,4.497,4.834,4.575,0.65,1.176,7.757,4.275,3.387,3.037
0.233,0.573,1.487,0.168,0.166,0.31,5.94,7.346,3.495,0.701,1.608,13.238,4.687,3.537,4.649
0.191,0.553,2.51,0.173,0.164,7.062,5.291,21.36,2.878,0.696,0.891,23.011,21.935,4.51,5.187
0.572,0.98,1.444,0.17,0.162,0.47,10.486,5.59,5.206,0.714,1.263,6.823,4.161,3.734,3.864
0.194,0.636,1.125,0.159,0.155,0.154,5.124,5.602,3.458,0.792,1.236,5.833,4.046,3.359,6.462
0.412,0.758,1.275,0.191,0.156,0.153,5.372,6.235,2.274,0.631,0.907,6.69,4.43,5.317,4.177
1.942,0.876,1.795,0.166,0.16,0.164,6.175,6.117,4.454,0.638,0.874,7.281,4.116,3.721,3.281
0.209,0.616,1.087,3.669,0.284,0.29,4.505,4.933,2.667,0.811,0.896,5.687,3.786,3.163,3.865
0.186,0.537,1.426,0.169,0.182,0.154,4.295,5.632,2.833,1.1,0.871,6.968,5.896,3.753,3.471
0.182,0.514,1.279,0.161,0.15,0.155,4.143,4.906,2.504,0.623,0.83,6.48,9.934,3.983,2.769
0.181,0.536,3.118,0.16,0.157,0.155,4.946,4.9,4.479,0.624,0.95,5.603,4.235,2.998,2.923
0.176,0.816,1.254,0.178,0.146,0.143,4.254,5.476,2.469,1.41,0.831,5.714,4.238,4.076,3.061
0.184,0.508,1.181,0.277,0.148,0.137,5.114,4.912,2.836,0.595,0.836,5.042,4.236,3.035,2.985
0.17,2.311,1.646,0.155,0.145,0.144,5.629,8.323,2.496,0.594,0.795,7.109,4.107,2.906,3.02
0.174,0.506,0.962,0.152,0.133,0.141,5.779,5.807,6.29,0.637,0.859,5.15,4.407,2.974,2.83
0.174,0.498,1.613,0.387,0.141,0.146,6.935,4.552,2.422,2.162,1.686,5.001,3.654,3.909,3.107
0.17,0.516,1.516,0.342,0.149,2.114,5.37,5.356,2.119,0.631,5.549,6.421,3.895,3.348,3.256
0.174,0.492,2.295,0.146,0.137,0.152,3.859,4.569,3.446,0.58,0.792,8.194,4.986,4.026,2.775
0.171,0.494,1.286,0.154,0.144,0.141,3.811,4.885,4.968,0.587,1.028,5.505,4.127,4.074,2.667
0.171,0.513,1.334,0.149,0.141,0.147,4.988,5.454,2.076,0.582,0.795,7.768,8.984,2.933,2.905
0.176,0.507,1.207,0.163,0.166,0.149,17.162,5.003,2.351,0.726,1.512,6.488,3.939,4.607,2.794
0.177,0.501,1.415,0.158,0.158,0.147,3.861,4.602,2.327,0.607,7.885,5.704,149.75,4.681,5.328
0.18,0.512,2.374,0.151,0.142,0.153,4.933,22.222,4.249,4.247,0.911,7.343,12.519,3.157,2.898
0.175,0.526,1.434,0.168,0.142,0.148,10.622,5.673,3.313,0.701,0.814,9.604,5.657,4.115,7.995
0.185,0.509,5.976,0.159,0.141,0.186,4.671,5.139,3.796,0.623,0.964,6.115,3.959,3.032,2.932
0.175,0.528,1.607,0.153,0.157,0.145,4.01,5.106,2.777,0.579,0.792,5.317,6.509,3.284,3.368
0.173,0.491,2.389,0.148,0.147,0.152,6.853,5.371,3.441,0.581,7.461,5.222,5.333,3.003,2.824
0.171,2.142,1.289,0.164,0.76,2.424,11.418,7.426,3.364,0.582,0.986,5.233,4.92,3.674,5.236
0.171,0.575,1.695,0.203,0.15,0.17,4.33,5.684,2.152,1.857,1.219,6.14,7.4,3.011,2.917
0.212,0.535,1.269,0.15,0.153,0.147,3.926,4.525,2.342,0.58,1.721,5.463,3.826,3.603,5.007
0.171,0.538,1.337,0.148,0.143,0.148,7.789,7.191,2.988,1.14,0.801,5.338,3.424,4.135,3.045
0.171,0.489,1.329,0.149,0.143,0.144,3.855,5.748,2.197,0.592,0.816,7.128,7.257,3.945,3.55
0.21,0.516,1.316,0.159,0.153,0.15,4.196,5.797,3.801,0.613,0.829,6.636,3.652,5.445,3.239
0.182,0.564,1.493,0.162,0.158,0.152,4.298,5.465,5.471,0.648,10.548,6.3,4.643,5.617,3.61
0.388,0.535,1.389,0.193,0.159,0.16,4.366,5.031,2.375,0.65,0.864,8.112,5.075,3.205,3.061
0.187,0.569,1.057,0.214,0.16,0.158,9.399,5.52,2.547,0.669,1.198,10.164,4.292,4.05,4.377
0.188,0.556,1.294,0.164,0.155,0.156,4.376,4.846,7.12,0.637,0.863,10.305,4.721,5.603,6.176
0.181,0.515,2.259,2.647,0.15,0.149,6.217,4.685,7.858,1.685,0.818,5.95,4.101,3.159,3.22
0.177,0.518,1.862,0.157,0.141,0.148,4.44,4.783,2.574,0.595,0.821,5.251,4.654,3.038,2.981
0.177,0.511,1.308,0.158,0.149,0.152,5.095,4.66,6.402,0.602,0.913,6.098,3.811,3.367,4.029
0.177,0.533,1.667,0.153,0.141,0.159,4.448,4.567,5.254,0.602,1.285,5.885,3.462,3.065,2.943
0.171,0.514,1.23,0.164,0.14,0.141,4.401,4.775,4.502,0.753,0.817,6.176,4.349,3.589,2.912
0.179,0.491,2.178,0.154,0.14,0.14,3.92,4.442,2.332,0.605,0.816,5.339,5.149,4.06,2.814
0.181,0.607,1.37,0.155,0.146,0.25,6.253,6.128,2.122,0.893,0.772,5.856,3.723,5.464,2.827
0.17,0.504,1.187,0.15,0.155,0.145,6.152,4.388,2.67,0.565,0.77,6.584,5.392,3.629,5.053
0.178,0.501,2.734,0.218,0.136,0.138,4.208,4.331,2.177,0.577,0.796,5.188,5.503,4.591,3.323
0.164,0.503,2.323,0.258,0.171,0.135,5.971,4.531,2.402,0.601,0.816,6.042,3.555,3.441,3.649
0.163,0.469,1.377,0.326,0.143,0.149,4.318,5.25,3.135,0.593,0.806,7.195,6.392,4.374,3.014
0.162,0.477,1.393,0.158,0.141,0.135,4.201,4.557,4.427,0.725,1.426,7.919,3.225,3.247,2.781
0.166,0.474,0.96,0.148,0.15,0.16,4.257,6.447,2.487,0.564,1.019,5.076,4.006,3.569,3.307
0.163,0.644,1.553,0.147,0.126,0.129,4.42,5.527,2.288,0.586,0.878,5.605,3.602,3.096,4.594
0.212,0.501,1.335,0.148,0.144,0.341,6.483,4.538,2.907,0.632,0.877,6.506,7.399,6.38,3.285
0.174,0.496,1.243,0.144,0.139,0.159,4.13,5.44,2.152,4.12,0.788,7.416,5.624,2.902,3.334
0.17,0.522,1.435,0.151,0.148,0.146,4.446,4.73,2.096,0.587,0.93,17.346,3.819,3.051,25.391
0.181,0.527,1.492,0.163,11.107,0.154,5.39,8.183,4.794,0.618,0.831,7.76,5.468,7.375,17.999
0.188,0.543,2.14,0.168,0.165,0.149,4.864,7.624,3.048,0.637,1.242,5.592,3.999,4.338,3.841
0.186,0.584,1.067,0.159,0.147,0.153,5.155,5.179,2.815,1.497,0.866,5.934,3.745,6.431,4.664
0.183,0.669,20.146,0.16,3.461,0.159,4.193,5.622,9.271,0.614,1.134,6.766,10.765,3.39,3.018
0.181,0.503,1.398,0.151,0.236,0.149,4,5.032,4.755,0.606,0.832,6.453,3.808,3.06,2.755
0.181,0.674,1.804,0.163,26.404,0.153,4.323,5.031,2.59,0.702,2.936,6.661,15.118,3.433,5.068
0.306,0.617,1.941,1.127,0.286,0.285,4.603,5.728,2.34,0.761,0.921,6.69,9.448,3.591,2.805
0.189,1.574,1.884,0.174,0.154,0.148,4.059,5.069,4.247,0.624,1.006,6.794,3.815,3.227,3.124
0.176,0.521,2.489,0.155,0.147,0.155,4.577,4.817,2.437,0.599,0.84,5.237,3.525,4.126,2.993
0.174,0.513,1.147,0.15,0.144,0.186,8.914,5.057,2.055,0.578,0.796,5.277,4.466,2.956,2.818
0.172,0.506,1.738,0.154,0.145,0.142,5.331,5.378,6.033,0.586,0.79,7.626,6.467,3.019,2.986
0.173,0.522,1.488,1.164,0.138,0.145,4.119,5.048,2.743,0.591,0.839,5.408,4.408,3.475,3.006
0.172,0.517,2.961,0.155,0.138,0.147,3.909,5.225,3.057,0.578,0.793,5.513,5.046,2.979,3.053
0.171,1.167,2.22,0.166,0.151,0.14,3.992,4.439,2.22,0.602,0.822,7.153,3.739,4.104,3.173
1.319,0.556,2.339,0.147,0.145,0.145,18.959,7.384,2.34,0.587,0.789,5.295,3.731,3.695,2.888
0.171,0.499,1.307,0.149,0.145,1.354,3.865,4.457,4.225,0.587,2.111,5.268,3.716,4.007,2.823
0.171,0.505,1.299,0.164,0.143,0.151,4.78,5.621,5.089,0.599,0.797,6.116,3.624,3.086,3.033
0.174,0.513,1.3,0.155,0.156,0.145,5.148,5.209,2.2,0.96,2.38,15.769,5.74,36.674,4.803
0.181,0.523,1.321,0.17,0.151,0.151,4.353,4.649,4.209,0.622,0.846,6.315,5.787,3.512,3.251
0.188,0.535,5.105,0.164,0.166,0.153,21.268,5.517,2.276,0.825,0.99,14.64,22.81,3.432,7.136
0.207,0.622,1.536,0.248,0.271,0.273,4.13,4.905,2.364,0.912,0.875,7.658,4.738,6.242,3.923
0.182,0.546,1.35,0.164,0.149,0.152,5.246,6.251,4.453,0.615,0.9,7.031,4.852,3.172,3.01
0.181,0.523,1.694,0.168,0.152,0.152,5.808,6.127,2.512,1.626,0.814,5.622,6.251,3.469,2.904
0.178,0.518,1.348,0.162,0.148,0.15,4.718,4.692,2.525,0.605,0.877,5.491,4.389,3.3,6.374
0.173,0.548,1.41,0.157,0.276,0.173,5.431,7.66,4.903,1.947,1.923,6.409,4.763,3.34,2.986
0.17,0.52,2.293,0.155,0.145,0.144,5.726,4.771,3.886,1.155,1.517,5.817,10.393,5.427,2.94
0.176,1.517,1.39,0.165,0.145,0.15,5.51,8.761,4.703,0.62,1.16,7.923,11.149,3.105,3.584
0.176,0.524,2.292,0.154,0.156,0.15,5.155,7.702,4.529,0.625,0.889,6.852,3.648,4.969,3.662
0.175,0.525,2.324,0.157,0.151,0.148,4.17,5.189,2.497,0.606,0.839,6.464,3.869,3.105,3.619
0.178,0.506,1.361,0.153,0.139,0.152,4.021,5.264,2.71,0.626,0.808,6.32,3.748,4.105,3.407
0.172,1.808,1.319,0.22,0.148,0.138,5.161,4.784,2.568,0.682,0.792,6.737,6.413,3.4,3.023
0.173,0.51,1.324,0.193,0.149,0.146,9.217,4.505,2.173,0.595,0.793,5.458,3.847,4.296,2.881
0.171,0.513,1.366,0.17,0.143,0.294,4.4,4.953,4.637,0.587,0.993,5.737,3.675,3.714,2.897
0.171,0.502,1.561,0.156,0.146,0.145,4.89,5.104,2.287,3.235,5.927,7.178,4.836,3.482,2.888
0.172,0.515,3.061,0.174,0.16,0.151,4.089,10.522,3.194,0.829,0.789,5.401,3.843,3.043,2.834
0.172,0.504,1.19,0.152,0.148,0.141,4.116,4.62,2.593,0.615,0.84,5.533,3.786,3.54,3.469
0.177,0.531,1.391,0.154,0.146,0.154,11.641,4.54,2.563,0.6,1.006,7.421,4.03,3.437,2.958
0.178,0.559,3.951,0.161,0.147,0.141,4.682,5.021,5.45,0.589,0.814,5.366,4.097,3.119,2.875
0.178,0.51,1.255,0.157,0.149,0.161,4.426,7.362,2.206,0.601,0.82,5.891,5.655,3.66,3.352
0.171,0.516,1.34,0.255,0.146,0.143,4.596,5.1,2.562,0.586,0.894,6.034,3.651,2.89,2.754
0.167,1.008,1.417,0.153,0.149,1.246,4.332,4.998,3.062,0.584,0.813,5.246,4.186,2.985,2.944
0.163,0.519,1.454,0.144,0.145,0.137,6.154,4.89,2.906,0.581,0.791,6.782,3.595,3.454,2.749
0.171,0.503,1.154,0.163,0.137,0.134,3.994,4.715,2.085,0.546,0.774,5.314,3.929,3.794,3.734
0.162,0.51,1.217,0.148,0.153,0.145,4.147,4.335,2.117,0.607,0.793,5.897,4.511,3.651,3.71
0.164,0.475,2.931,0.477,0.131,0.133,3.896,4.59,2.619,0.579,0.805,8.651,3.493,3.38,3.194
0.163,0.471,1.354,0.154,0.147,0.153,4.747,4.68,2.053,0.552,0.796,5.273,3.638,2.993,2.778
0.164,0.464,1.3,0.159,0.138,0.259,5.393,4.91,2.389,0.575,0.793,6.575,5.541,3.098,3.323
0.162,0.498,4.276,0.152,0.131,0.14,6.944,16.099,3.48,0.627,13.514,13.812,5.826,3.616,2.821
0.165,0.473,1.016,0.154,0.144,0.141,4.774,4.273,1.972,0.583,0.899,5.175,3.901,2.948,3.498
0.167,0.515,2.236,0.157,0.143,0.149,4.282,5.625,2.381,0.784,0.785,8.165,4.707,3.027,4.987
0.171,0.489,1.477,0.146,0.142,0.148,5.409,8.864,4.059,0.589,0.92,15.233,4.096,4.266,7.9
0.182,0.531,1.489,0.168,0.207,0.152,10.762,14.065,3.991,0.602,0.911,10.216,8.691,7.673,12.186
0.193,0.58,1.152,0.168,0.164,0.162,5.428,5.382,2.586,0.65,2.77,10.055,5.119,5.767,6.08
0.213,0.555,2.151,0.166,1.201,0.165,19.136,7.204,5.844,0.706,0.896,6.594,4.891,3.556,3.3
0.197,0.564,1.515,0.167,0.16,0.16,4.298,7.171,2.882,0.639,1.225,5.923,4.892,3.392,3.671
0.186,0.551,1.468,0.156,0.165,0.148,5.029,5.369,2.266,2.549,0.87,6.899,7.382,3.286,4.223
0.26,0.558,1.284,0.168,0.149,0.159,6.113,5.353,4.209,0.635,0.871,5.989,6.391,3.38,3.401
0.181,0.531,2.022,0.161,0.146,0.155,4.433,5.56,2.769,0.642,0.87,6.067,4.088,3.99,3.973
0.183,0.542,1.385,0.157,0.16,0.164,5.139,4.78,2.981,0.608,0.83,6.141,5.403,3.207,3.039
0.177,0.855,2.234,0.154,0.147,0.153,4.57,5.891,3.291,0.779,0.924,6.161,4.469,4.598,3.699
0.171,0.584,1.604,0.158,0.15,0.141,4.402,4.422,2.485,0.753,0.795,8.188,3.852,3.493,2.844
0.171,0.513,2.232,0.147,0.14,0.141,4.248,5.75,2.922,0.58,0.805,5.793,3.759,4.724,3.371
0.173,0.521,1.316,0.162,0.138,0.144,3.944,5.739,3.36,0.584,1.766,7.994,3.631,3.725,2.858
0.181,0.711,1.118,0.149,0.153,0.149,3.88,4.965,2.186,0.607,0.802,5.316,4.691,6.339,2.822
0.173,0.512,1.019,0.148,0.149,0.14,4.174,4.508,2.409,0.594,0.793,5.476,4.971,4.485,3.866
0.172,0.531,1.523,0.548,0.158,0.274,5.197,4.535,2.375,0.575,0.806,5.331,4.842,3.209,2.939
0.176,0.51,1.284,0.149,0.619,0.145,4.779,4.518,2.781,6.962,0.793,5.599,3.604,3.537,2.855
0.17,0.503,2.415,2.973,0.141,0.14,4.007,6.513,2.571,0.563,0.775,5.105,3.598,3.2,4.996
0.263,0.522,2.165,0.149,0.143,0.145,5.974,5.773,3.023,0.557,0.763,6.09,3.676,3.248,3.484
0.167,0.48,2.218,0.149,0.142,0.145,4.625,8.53,2.381,0.558,0.767,5.236,4.989,2.997,2.749
0.174,0.487,1.183,0.149,0.147,0.147,4.011,5.049,3.646,0.579,0.791,6.356,3.805,3.122,2.973
0.179,0.51,1.453,0.157,0.146,0.15,3.802,5.886,2.42,0.582,0.777,5.117,3.509,3.032,2.879
0.165,0.646,1.51,0.15,0.167,0.138,3.9,4.424,3.022,0.599,0.999,5.235,4.522,3.844,2.757
0.214,0.577,2.844,0.151,0.143,0.165,4.252,4.592,4.913,0.562,1.028,6.087,3.552,3.006,3.659
0.163,0.48,1.251,2.008,0.143,0.135,4.268,4.74,4.656,0.592,0.833,5.254,5.317,3.971,2.889
0.186,0.469,6.222,0.153,0.145,0.138,4.308,4.196,2.219,0.58,1.05,7.168,4.998,3.565,3.653
0.163,0.466,1.16,0.16,0.139,0.133,3.93,5.55,5.895,0.649,0.799,5.839,5.639,3.069,2.886
0.163,0.479,1.222,0.156,0.143,0.141,4.134,5.851,1.999,0.735,0.789,6.152,4.799,3.237,4.275
0.178,2.867,2.905,0.149,0.144,0.144,4.22,13.217,4.355,0.613,1.96,6.061,6.217,2.829,5.226
0.164,0.476,1.036,0.163,0.137,0.142,3.869,4.683,2.422,0.631,0.909,5.426,3.871,4.132,2.733
0.27,0.553,1.562,0.149,0.144,0.145,4.88,5.461,5.121,0.563,1.279,10.671,3.658,3.285,3.765
0.174,0.655,3.353,0.151,0.15,0.145,5.296,13.266,4.974,0.592,0.797,5.797,4.185,4.212,3.788
0.182,0.515,1.21,0.151,0.142,0.729,5.8,4.932,4.306,0.613,0.824,5.554,15.548,3.125,3.768
0.204,0.521,1.151,0.158,0.154,0.314,5.072,15.209,3.647,0.66,0.833,5.661,4.826,5.16,7.884
0.186,0.573,3.36,0.166,0.152,0.155,5.097,4.82,2.991,0.625,0.865,5.859,4.564,3.486,4.747
0.188,0.556,1.327,0.165,0.157,0.156,4.659,5.414,2.5,0.698,0.893,5.76,4.028,3.746,3.304
0.189,0.56,1.125,0.16,0.156,0.153,4.497,4.917,2.944,0.644,1.226,5.806,5.134,3.25,3.675
0.192,0.537,1.583,0.172,0.168,0.155,5.459,5.033,8.565,0.633,0.857,6.522,3.933,3.552,3.651
0.188,0.54,1.58,0.158,0.155,0.144,5.921,8.381,3.268,0.611,0.844,7.432,3.909,7.151,3.117
0.18,0.554,1.132,0.199,0.149,0.151,4.56,5.585,3.633,0.789,0.827,5.846,3.937,3.518,3.032
0.185,0.521,2.176,0.163,0.145,0.149,4.411,5.354,4.139,0.606,1.181,5.775,8.673,3.123,4.201
0.183,0.55,1.36,0.157,0.162,0.15,4.13,5.006,2.224,0.605,0.922,5.68,3.878,3.322,3.23
0.18,0.53,1.487,0.167,0.152,0.159,5.137,8.566,3.469,0.633,1.03,7.627,4.267,3.378,3.273
0.179,0.548,1.478,0.164,0.153,0.153,4.497,4.971,3.436,0.722,0.832,6.105,7.952,3.243,3.064
0.179,0.52,4.036,0.155,0.153,0.15,4.258,4.753,3.818,0.62,0.892,7.056,4.233,3.577,3.333
0.342,0.532,1.465,0.153,0.161,0.143,7.005,4.812,4.07,0.587,0.886,5.553,3.839,3.389,2.918
0.172,0.498,1.209,0.171,0.143,0.141,3.964,4.935,5.694,0.576,0.839,5.419,3.825,3.073,3.121
0.171,0.505,1.156,0.163,0.145,0.147,4.167,4.923,2.685,0.623,0.859,5.564,3.617,3.507,3.157
0.171,0.491,1.389,0.153,0.146,0.148,5.313,4.542,2.597,0.573,0.79,7.977,4.602,3.892,3.257
0.234,0.555,1.432,0.256,0.19,0.169,6.398,6.786,10.351,0.834,1.46,6.953,7.607,3.684,7.247
0.192,2.02,1.169,0.164,0.166,0.329,4.698,5.073,2.75,0.889,0.898,6.538,4.752,3.409,3.329
0.191,0.544,1.347,0.868,0.156,0.158,5.667,5.476,2.364,0.699,0.941,6.868,4.352,3.636,3.171
0.189,0.564,5.081,0.166,0.384,0.16,4.64,5.775,2.503,0.617,0.856,6.623,3.88,4.517,3.226
0.183,0.521,1.084,0.166,0.154,0.148,7.575,4.752,3.019,0.613,0.836,5.626,4.559,3.571,4.043
0.183,0.516,1.719,0.155,0.148,0.149,3.996,5.321,2.223,0.6,0.81,5.719,4.068,4.606,2.82
0.171,0.511,1.004,0.151,0.145,0.143,4.41,5.095,3.692,0.587,0.883,5.439,3.794,3.941,4.128
0.171,0.521,1.771,0.319,0.145,0.144,5.743,5.386,2.722,0.591,0.809,5.793,4.074,3.121,2.799
0.174,0.519,1.276,0.161,0.145,0.143,5.654,5.364,2.666,0.591,1.209,6.602,3.672,4.547,3.09
0.168,0.517,1.051,0.148,0.139,0.146,4.062,4.851,2.227,0.562,0.767,5.302,3.966,3.206,3.003
0.172,0.485,1.436,0.149,0.147,0.142,3.935,4.645,6.77,0.63,0.793,5.791,3.343,3.092,2.749
0.172,0.502,1.261,0.154,0.14,0.33,4.075,5.023,3.29,0.574,0.86,5.674,3.7,3.961,3.387
0.172,0.595,1.05,0.166,0.144,0.194,4.388,9.675,7.134,0.741,19.159,7.028,5.526,3.959,4.378
0.184,0.53,1.492,0.16,0.146,0.149,6.52,5.484,2.606,1.121,0.831,21.885,3.925,3.312,5.146
0.187,0.531,1.299,0.167,0.147,0.151,5.008,7.524,10.039,0.643,0.883,5.994,8.218,4.619,3.156
0.188,0.532,2.259,0.168,0.159,0.158,4.619,5.613,2.975,0.625,0.855,5.688,3.955,4.397,3.264
0.187,1.531,2.848,0.166,12.898,0.16,5.784,5.341,2.896,0.637,0.86,6.985,12.869,3.39,3.269
0.177,0.518,1.819,0.158,0.223,0.147,4.521,12.14,5.208,0.601,0.817,5.738,3.758,3.417,3.287
0.21,0.495,1.468,0.15,0.144,0.146,4.476,4.431,2.484,0.691,0.81,5.554,4.297,3.049,2.999
0.171,0.505,1.228,0.163,0.134,0.144,3.934,4.61,2.184,0.576,0.804,5.683,3.608,3.089,4.08
0.171,0.485,1.242,0.153,0.141,0.175,4.226,5.955,4.921,0.581,1.108,5.272,4.313,3.978,2.987
0.414,0.478,1.443,0.152,0.152,0.139,6.641,4.311,2.099,0.548,0.759,7.974,4.164,3.525,2.876
0.162,0.482,1.413,0.15,0.145,0.135,5.13,4.273,5.839,0.546,0.798,5.874,4.638,3.712,3.11
0.163,0.469,2.005,0.145,0.133,0.134,4.44,4.468,3.415,0.916,0.746,5.008,4.391,2.922,3.23
0.173,0.498,1.31,0.148,0.14,0.148,4.085,4.423,2.305,0.675,0.758,5.183,4.436,4.062,2.925
0.164,0.471,2.582,0.148,0.166,0.139,3.954,5.24,3.141,0.552,0.749,5.115,3.69,3.889,5.086
0.304,0.637,1.427,0.152,0.812,0.133,4.048,4.636,2.169,0.545,0.792,7.683,4.243,4.552,3.429
0.162,0.541,2.288,0.174,0.156,0.139,5.003,4.924,3.437,0.56,0.789,6.088,4.148,6.63,4.501
0.163,0.524,2.484,0.148,0.162,0.148,3.94,4.483,2.083,0.587,1.03,9.334,4.409,4.045,2.845
0.174,0.511,1.597,0.166,0.141,0.149,4.604,5.306,3.376,0.607,0.797,5.584,3.607,3.246,3.517
0.219,0.481,1.447,0.145,0.188,0.137,3.984,5.75,3.967,0.548,1.116,7.097,4.192,3.762,2.93
0.164,0.477,1.43,0.149,0.699,0.138,5.467,5.714,3.509,0.545,0.755,5.288,4.133,3.774,3.665
0.172,0.494,2.185,0.226,0.132,0.127,4.371,4.312,2.955,0.571,0.755,6.282,3.654,2.861,2.721
0.163,0.56,1.439,1.737,0.141,0.142,3.949,4.364,2.567,0.549,0.756,5.519,3.624,2.929,2.794
0.163,0.477,1.533,0.146,0.147,0.134,5.874,4.619,3.554,0.552,0.75,6.545,3.665,2.92,3.71
0.163,1.297,1.243,0.151,0.142,0.135,4.89,4.397,4.299,0.641,0.805,7.427,3.713,3.666,3.64
0.168,0.484,1.297,0.18,0.146,0.146,4.327,6.386,2.568,0.555,0.784,4.994,4.652,2.938,2.683
0.165,0.488,1.532,0.357,0.144,0.135,4.094,4.464,2.557,1.019,0.762,5.977,4.191,3.337,3.248
0.163,0.48,2.861,0.152,0.136,0.139,8.37,6.561,2.646,0.551,0.757,8.36,7.111,5.39,6.766
0.183,0.52,1.119,0.151,0.186,0.142,4.136,4.846,3.152,0.57,0.794,9.335,3.695,3.344,3.28
0.175,0.802,1.337,0.162,0.187,0.144,4.917,5.971,8.605,0.579,0.853,6.834,3.796,3.174,4.889
0.168,0.476,1.059,0.147,0.145,0.143,4.428,5.374,2.483,0.573,1.226,6.022,4.769,3.079,4.373
0.172,0.505,1.089,0.15,0.142,0.149,4.045,4.893,2.505,0.59,0.804,6.063,4.782,4.779,4.328
0.172,0.521,2.039,0.162,0.146,0.149,5.007,4.644,2.503,0.626,0.795,7.056,6.002,4.777,2.938
0.191,1.464,1.849,0.153,0.149,0.141,5.992,4.673,2.278,0.577,9.955,5.673,5.188,3.552,6.299
6.505,0.783,1.345,0.149,0.143,0.143,4.436,5.109,3.08,0.576,0.824,5.97,4.067,3.041,3.738
0.226,0.502,1.298,0.941,0.147,0.143,8.926,6.365,2.682,0.604,0.806,6.224,5.015,3.048,4.353
0.17,0.516,1.267,0.148,0.149,0.145,3.901,5.322,2.412,0.609,0.898,5.694,5.345,3.765,2.958
0.182,0.538,1.306,0.156,0.152,0.152,4.685,4.928,3.461,0.613,0.834,6.971,3.958,3.286,4.266
0.246,0.553,1.137,0.155,0.153,0.152,4.549,4.769,2.571,0.62,0.845,5.756,4.26,3.571,3.59
0.205,0.531,1.471,0.151,0.248,0.15,4.863,5.071,6.099,0.609,0.828,6.17,3.674,4.488,3.132
0.182,0.541,1.259,0.163,0.152,0.148,8.251,6.736,3.71,0.624,0.862,6.048,4.103,3.918,2.916
0.177,0.522,1.545,0.578,0.144,0.152,5.009,4.62,4.798,0.585,0.818,5.92,4.488,3.562,3.102
0.182,0.54,1.443,0.157,0.144,0.149,4.142,5.666,2.28,0.605,1.011,7.232,6.9,4.014,3.64
0.174,0.537,1.469,0.15,0.15,0.353,4.936,4.787,2.267,0.659,0.841,7.549,4.601,4.435,3.13
0.18,0.53,1.389,0.156,0.153,0.159,4.289,4.895,4.63,0.611,0.838,5.998,4.379,3.754,3.685
0.376,0.534,1.365,0.216,0.155,0.152,6.114,4.683,2.253,0.611,1.904,5.979,3.979,3.248,6.551
0.182,0.525,1.19,0.163,0.15,0.15,4.248,5.032,3.449,0.61,7.711,5.73,4.513,3.352,3.419
0.182,0.534,1.527,0.159,0.25,0.145,4.639,5.126,2.8,0.603,0.836,5.895,6.255,3.75,3.492
0.177,0.506,1.412,0.156,0.988,0.151,4.902,4.786,4.011,0.596,0.826,7.861,4.442,3.579,4.416
0.173,0.505,1.506,0.144,0.14,0.15,5.359,4.786,2.95,0.737,0.831,5.716,3.724,3.264,3.243
0.166,0.486,1.411,0.148,0.148,0.138,4.531,6.544,5.639,0.587,0.881,6.728,5.454,4.022,3.189
0.18,0.668,1.388,0.159,0.144,0.14,4.269,5.531,3.408,0.75,0.771,6.079,4.263,3.065,3.212
0.216,0.66,1.553,0.162,0.194,0.138,4.007,4.58,2.682,0.562,1.106,5.887,3.895,5.102,3.46
0.172,0.501,1.523,0.154,0.178,0.152,4.059,6.043,2.172,0.605,0.795,5.55,3.911,3.316,2.885
0.209,0.555,1.69,0.156,0.145,0.146,4.138,5.588,4.036,1.206,0.796,5.605,3.605,3.768,2.821
0.172,0.502,7.305,0.152,0.144,0.145,4.281,5.216,2.44,0.573,0.79,6.018,4.733,3.151,3.088
0.18,0.547,1.321,0.157,0.144,0.147,4.524,5.734,21.528,0.993,0.815,7.173,4.196,3.111,3.251
0.175,0.528,1.545,0.154,0.142,0.171,6.251,5.598,2.845,0.603,0.813,5.653,4.7,4.185,3.19
0.18,0.502,1.559,0.16,0.159,0.151,4.344,6.307,3.272,0.61,1.667,8.135,4.765,7.306,5.114
0.26,0.995,1.443,0.306,0.187,0.269,6.208,15.484,9.382,1.138,1.368,12.784,12.731,4.163,4.644
0.208,0.665,1.784,0.264,0.276,0.434,4.429,4.996,2.945,0.642,0.896,6.518,5.643,3.709,3.472
0.186,0.549,1.429,0.159,0.154,0.146,4.476,6.412,3.455,1.301,0.847,6.29,3.75,3.663,3.132
0.179,0.519,1.422,0.168,0.143,0.152,5.069,5.25,2.609,0.621,0.839,6.1,4.46,4.22,4.981
0.181,0.529,2.189,0.171,0.184,0.157,4.738,4.778,2.322,0.605,0.837,5.654,3.874,4.903,2.948
0.186,0.552,1.522,0.166,0.158,0.16,4.141,5.166,2.678,0.614,0.843,5.924,3.851,5.461,3.595
0.182,0.599,1.201,0.149,0.147,0.143,4.332,4.791,4.374,0.59,0.819,6.778,3.728,3.167,3.31
0.178,0.519,1.339,0.158,0.155,0.153,3.943,7.1,2.837,0.787,0.906,5.34,3.548,3.354,3.083
0.202,0.576,1.858,0.154,0.207,0.154,4.745,5.399,2.528,0.983,0.937,7.001,4.793,4.062,3.004
0.211,0.624,1.279,0.155,0.15,0.142,4.425,5.467,9.01,0.634,0.811,22.325,215.552,4.102,57.144
0.186,0.592,1.37,1.893,0.165,0.202,14.501,26.732,20.706,0.641,0.921,10.198,5.656,4.145,5.515
0.327,1.002,1.486,0.163,0.162,0.509,23.434,14.42,3.928,0.681,1.408,9.408,4.966,8.234,5.787
0.196,0.565,1.556,0.18,0.18,0.167,4.959,6.76,3.267,1.524,1.023,6.444,4.297,4.234,3.444
0.192,0.575,1.355,0.175,0.16,0.514,5.474,5.175,6.335,0.706,0.904,7.673,5.095,4.601,3.343
0.187,0.68,1.146,0.179,0.152,0.154,4.488,7.28,3.124,0.689,0.858,28.354,4.883,29.941,5.891
0.186,0.536,1.978,0.166,0.158,0.744,5.251,5.986,2.538,0.633,0.941,6.246,4.046,3.275,3.354
0.253,0.564,1.066,0.166,0.214,0.161,7.08,5.996,2.919,0.626,0.989,5.915,3.798,3.324,4.223
0.186,0.535,1.476,0.165,0.166,0.161,5.527,6.113,3.652,0.872,7.017,6.118,5.273,3.245,4.162
1.036,0.53,1.424,0.164,0.161,0.167,7.091,8.185,5.886,0.631,0.995,6.143,4.326,3.563,3.563
0.182,0.537,1.044,0.164,0.151,0.203,4.393,5.446,3.39,0.631,0.843,5.681,3.83,4.167,3.699
0.219,0.523,1.089,0.184,0.156,0.161,4.509,5.433,3.4,0.614,0.916,5.674,3.97,3.486,3.633
0.182,0.53,1.421,0.279,0.75,0.155,5.877,5.639,3.467,0.732,0.84,8.524,3.812,3.709,2.951
0.181,0.521,1.489,0.155,0.156,0.16,4.23,5.102,2.203,0.603,0.846,7.173,3.803,3.659,2.912
0.232,0.522,2.251,0.158,0.151,0.154,5.074,4.9,4.013,6.446,1.18,10.08,6.412,4.399,4.694
0.185,0.552,2.83,0.198,0.153,0.161,4.29,5.582,2.235,0.986,0.841,5.811,3.971,3.695,4.148
0.188,0.55,1.566,0.175,0.15,0.158,5.293,6.248,2.855,0.747,0.993,6.617,6.842,3.262,3.19
0.233,0.535,1.424,0.171,0.154,0.153,4.794,5.794,3.135,0.836,0.857,6.781,4.611,3.309,4.352
0.187,0.569,1.484,0.174,0.146,0.157,4.788,6.669,2.283,0.621,0.865,5.751,4.365,3.32,3.516
0.183,0.561,1.362,0.158,0.156,0.154,4.355,5.277,3.676,0.627,2.518,5.771,4.219,3.328,3.587
0.174,0.548,1.379,0.175,0.145,0.148,7.812,4.876,5.107,0.598,0.816,5.512,3.701,3.616,3.657
0.176,1.325,1.53,0.159,0.152,0.15,14.246,4.844,5.246,0.592,0.807,5.755,5.124,3.836,5.794
0.243,0.559,1.536,0.157,0.143,0.194,4.059,11.208,3.201,0.647,0.822,7.61,3.774,3.123,2.957
0.177,0.511,1.809,0.157,0.157,0.15,4.05,5.027,3.518,0.595,0.816,5.423,4,3.456,4.152
0.82,0.496,1.228,0.278,0.508,0.165,5.532,5.788,2.266,0.597,1.203,11.247,4.015,4.889,2.994
0.195,0.719,1.377,0.176,0.144,0.151,4.229,4.835,2.204,0.595,0.816,5.368,4.497,3.454,4.07
0.202,0.588,1.524,0.156,0.15,0.148,10.508,5.659,4.07,0.74,1.156,7.717,3.753,3.354,4.333
0.176,0.523,1.751,0.152,0.15,1.707,4.951,4.749,3.461,0.615,0.84,5.798,4.462,5.258,3.612
0.182,0.516,1.354,0.157,0.151,0.153,4.178,5.745,2.332,0.608,0.834,5.426,3.635,3.318,2.982
0.179,0.525,1.059,0.168,0.159,0.197,4.763,5.149,3.153,0.609,0.838,5.575,3.724,3.375,3.2
0.182,1.26,1.349,0.169,0.16,0.151,6.348,4.875,5.421,0.623,0.836,5.765,3.825,3.534,3.181
0.185,0.567,1.064,0.159,0.15,0.153,5.761,5.234,2.121,0.62,1.113,5.456,3.833,3.3,3.136
0.326,0.495,1.306,0.148,0.187,0.148,4.073,5.308,3.401,0.585,0.807,6.005,4.795,3.062,2.908
0.172,0.508,1.254,0.148,0.144,0.141,4.249,4.493,2.139,3.878,1.737,7.327,4.553,3.198,2.896
0.173,0.51,1.867,0.151,0.144,0.143,4.709,5,2.232,0.575,0.804,6.052,6.184,3.012,3.016
0.171,0.48,1.298,0.162,0.174,0.273,4.333,4.81,2.236,0.587,0.809,5.811,4.893,3.105,2.968
0.175,0.524,1.165,0.174,0.146,0.147,4.242,4.568,4.738,0.593,0.816,6.339,3.707,3.525,2.995
0.175,0.511,1.528,0.16,0.149,0.146,4.019,4.944,2.614,0.585,2.316,6.077,3.732,3.163,2.999
0.177,0.508,1.427,0.157,0.15,0.153,4.33,6.019,2.784,0.59,0.831,5.73,6.978,3.737,3.034
0.175,0.518,1.48,0.22,0.148,0.15,4.533,4.935,2.254,0.598,0.818,5.993,4.787,3.151,3.119
0.174,0.5,1.38,0.151,2.305,0.146,4.071,5.212,2.626,0.57,0.8,5.834,3.853,4.473,4.193
0.173,0.518,1.378,0.164,0.145,0.137,4.766,7.036,12.97,4.748,0.856,5.515,5.011,6.51,7.886
0.176,0.521,1.405,0.152,0.149,0.148,4.413,4.54,9.968,0.603,0.987,8.907,7.868,3.51,3.023
0.175,0.534,1.459,0.15,0.148,0.149,4.524,5.247,2.323,0.611,0.848,5.732,4.396,3.637,3.227
0.181,0.527,1.073,0.158,0.152,0.156,4.135,5.054,2.238,0.61,0.836,6.219,5.299,3.314,3.12
0.191,0.543,1.113,0.181,0.221,0.193,4.219,4.957,2.837,0.642,0.838,16.15,10.123,3.236,3.823
0.185,0.558,1.684,0.159,0.163,0.158,6.376,6.961,6.475,2.025,1.622,7.635,13.498,4.622,4.026
0.184,0.554,1.338,0.177,0.156,0.259,4.382,4.981,3.594,0.622,0.875,5.799,4.152,3.556,3.117
0.186,0.549,2.324,0.16,0.16,0.174,5.419,5.099,3.045,0.622,1.097,6.682,4.181,3.315,5.096
0.183,0.506,1.326,0.16,0.145,0.145,4.441,4.917,2.603,0.591,1.228,5.661,4.274,3.016,3.453
0.419,0.551,1.822,0.148,0.144,0.143,5.79,5.407,3.085,0.57,0.794,5.47,3.687,3.485,2.946
0.175,0.497,2.211,0.152,0.144,0.147,5.821,4.86,4.074,0.594,0.868,5.558,3.63,3.889,3.011
0.199,0.506,1.205,0.189,0.148,0.144,4.364,4.874,3.888,0.578,0.772,5.211,3.919,3.32,2.87
0.167,0.619,2.443,84.151,0.147,0.154,4.781,31.71,4.104,0.698,0.797,40.483,3.836,3.283,13.004
0.181,0.554,1.645,0.159,0.148,0.148,6.172,6.738,2.358,0.589,0.833,5.788,4.922,4.023,2.92
0.182,0.6,1.234,0.149,0.148,0.139,4.698,4.921,2.385,0.661,0.83,6.086,3.72,3.328,3.029
0.178,0.532,1.404,0.152,0.147,0.151,4.182,6.218,2.453,0.761,0.82,6.203,4.608,3.141,3.593
0.181,1.528,1.671,0.162,0.159,0.154,5.376,14.899,3.189,0.607,0.942,5.987,3.893,3.568,4.231
0.181,0.718,1.34,0.161,0.158,0.143,4.383,4.815,4.175,0.605,0.911,7.579,4.17,5.523,3.285
0.189,0.578,1.819,0.169,0.158,0.158,4.835,6.337,5.875,0.637,0.87,7.097,3.941,3.633,3.197
0.188,0.561,1.348,0.341,0.153,0.304,4.63,4.978,2.68,0.626,0.861,7.129,3.923,3.562,3.87
0.248,0.562,1.917,0.201,0.158,0.158,5.847,5.926,3.6,0.621,2.615,5.869,4.485,3.364,3.117
0.194,0.584,1.593,0.163,0.154,0.158,4.653,4.944,4.342,0.62,0.952,6.971,10.958,4.224,3.068
0.194,0.629,1.493,0.16,0.155,0.157,4.367,7.318,4.041,3.138,0.876,6.779,4.945,3.391,3.178
0.621,0.539,1.563,0.247,0.155,0.161,4.431,6.596,4.449,0.622,0.866,5.666,5.118,3.292,3.162
0.181,0.55,2.263,0.171,0.158,0.152,12.509,5.664,3.719,0.613,0.847,6.489,5.059,4.217,3.229
0.179,0.557,1.533,0.17,0.147,0.152,5.632,5.717,2.694,0.613,0.848,5.867,4.582,3.311,4.809
0.182,0.514,2.061,0.166,0.156,0.152,6.226,4.941,3.2,0.607,0.893,5.593,4.219,4.153,4.1
0.18,0.698,2.516,0.161,0.158,14.971,7.6,4.925,3.062,0.612,0.832,6.404,5.253,3.598,3.944
0.252,0.564,2.045,0.197,0.284,0.265,9.019,5.061,3.284,0.873,1.36,10.384,8.233,4.65,5.821
0.192,0.556,1.326,0.166,0.165,0.215,10.999,5.295,5.023,0.643,1.024,5.8,4.841,12.201,17.769
0.214,0.555,1.632,0.166,0.16,0.159,6.287,5.013,2.782,0.637,0.89,8.23,4.718,3.497,3.115
0.192,0.57,1.311,0.178,0.162,0.166,5.712,7.014,3.049,0.738,0.936,10.718,8.178,3.512,3.265
0.186,0.541,1.089,0.164,0.156,0.163,4.401,6.298,4.531,0.816,0.871,5.934,4.141,3.347,3.106
0.181,0.752,1.272,0.162,0.15,0.147,4.091,4.69,4.297,0.604,10.228,5.799,4.005,3.311,3.09
0.176,1.645,1.397,0.152,0.142,0.148,4.053,5.439,2.12,0.679,0.888,5.894,3.683,3.618,2.995
0.176,0.515,2.055,0.153,0.146,0.147,4.399,4.603,2.205,0.588,0.819,5.689,4.175,3.157,2.845
0.178,0.533,1.566,0.153,0.147,0.151,5.022,4.616,3.492,0.596,0.829,5.625,4.007,4.532,2.868
0.177,0.539,2.591,0.154,0.149,0.148,4.314,8.114,2.341,0.599,0.829,5.582,3.716,3.421,3.102
0.175,0.504,1.364,0.16,0.146,0.173,4.479,6.57,2.176,0.596,1.687,5.817,3.824,3.028,3.103
0.18,0.525,1.347,0.178,0.148,0.144,5.759,5.089,2.502,0.59,1,9.729,10.207,3.326,2.887
0.176,0.5,1.355,0.149,0.149,0.143,4.102,4.86,4.566,0.589,0.818,5.731,3.848,3.155,5.793
0.184,0.652,6.134,0.161,0.148,0.193,4.556,5.275,4.902,1.454,0.82,5.69,4.042,4.206,4.756
0.252,0.501,1.466,0.156,0.142,0.15,6.16,4.565,2.259,0.588,1.039,6.138,3.868,3.419,5.09
0.183,0.514,1.361,0.524,0.149,0.155,4.247,4.54,3.716,0.589,0.82,7.134,4.068,3.915,3.093
0.176,0.491,1.384,0.154,0.158,0.146,4.545,4.607,2.981,0.586,3.946,8.544,3.878,3.284,4.015
0.179,1.525,1.649,0.194,0.148,0.149,5.039,5.532,2.252,0.594,0.889,6.749,3.831,3.283,3.619
0.18,0.56,1.411,0.156,0.31,0.154,4.703,5.389,3.265,1.025,0.856,6.258,3.634,3.562,3.015
0.18,0.512,1.442,0.157,0.153,0.151,5.422,4.938,2.292,0.605,0.832,5.76,3.746,3.688,2.958
0.181,0.527,1.243,0.153,0.15,0.152,4.689,4.702,3.841,0.633,1.244,7.721,3.657,3.512,2.928
0.181,0.522,1.426,2.79,0.153,0.152,4.986,5.77,4.309,6.758,5.154,6.505,4.336,4.697,3.658
0.182,0.528,1.374,0.155,0.153,0.152,4.496,5.524,2.324,0.726,0.846,5.763,5.501,7.135,2.972
0.181,0.545,2.025,0.158,0.15,0.15,4.506,4.828,3.104,0.616,0.836,5.795,4.241,3.168,2.915
0.181,0.537,1.357,0.186,0.15,0.153,4.199,8.207,2.377,0.604,0.843,6.095,3.817,3.276,3.096
0.181,0.543,1.941,0.16,0.155,0.152,11.283,6.243,2.218,0.623,1.701,6.344,5.178,3.751,4.94
0.186,0.583,1.612,1.375,0.157,0.161,5.527,5.076,3.38,0.673,0.866,6.604,4.905,3.967,3.035
0.187,0.55,1.433,0.16,0.16,0.163,4.8,5.16,3.222,0.62,5.898,6.329,4.499,3.89,3.818
0.187,0.551,15.06,0.163,0.157,0.159,4.709,5.042,3.012,0.844,0.857,6.207,4.173,3.33,3.164
0.182,0.555,3.141,0.156,0.152,0.143,4.998,6.251,24.41,0.624,0.989,5.674,4.432,3.121,3.024
0.173,0.506,1.65,0.218,0.147,0.145,4.383,4.834,4.332,0.592,3.561,5.73,4.643,3.241,3.07
0.173,0.531,2.424,0.154,0.155,0.152,3.755,5.318,2.535,0.578,0.803,7.248,3.98,2.887,3.128
0.172,0.803,1.446,0.149,0.148,0.148,3.956,5.679,2.182,0.57,0.849,9.054,5.05,3.745,2.833
0.171,0.65,1.182,0.153,0.144,0.152,4.084,4.54,3.373,0.612,2.661,5.485,4.716,3.216,4.018
0.176,1.359,1.715,0.276,0.152,0.15,7.999,9.054,5.167,0.889,0.86,11.184,32.501,10.262,3.839
0.195,0.56,1.664,0.17,0.324,0.163,12.894,13.714,3.259,0.652,0.962,6.432,4.429,3.903,9.023
0.192,0.585,1.518,0.178,0.159,0.16,4.521,13.077,8.161,0.69,0.963,6.667,5.006,5.725,4.761
0.202,0.563,2.238,0.176,0.163,0.161,5.353,9.954,3.967,0.679,0.918,6.37,4.394,4.431,3.513
0.187,0.558,2.023,0.162,0.152,0.16,4.741,6.481,2.357,0.619,0.855,11.664,4.06,3.747,3.932
0.401,0.511,1.307,0.182,0.157,0.148,4.138,6.436,3.113,0.651,1.004,6.052,4.127,3.295,3.005
0.181,0.542,1.809,0.16,0.156,0.162,9.075,4.91,2.943,0.635,9.867,6.174,3.894,3.186,3.05
0.18,0.541,1.411,0.16,0.146,0.151,4.95,6.873,3.584,0.617,0.836,5.526,110.878,10.816,19.139
0.182,0.534,1.429,0.154,0.151,0.147,5.964,5.107,4.522,0.77,0.837,5.594,3.987,3.866,3.678
1.137,0.53,1.256,0.162,0.151,0.154,4.355,4.809,2.217,0.605,1.206,5.532,4.038,3.817,3.024
0.234,0.629,2.11,0.174,0.19,0.153,5.853,15.964,2.668,0.615,0.847,6.423,4.51,3.63,3.028
0.241,0.558,1.525,0.156,0.153,0.2,4.422,5.711,4.838,0.709,1.125,6.141,3.922,4.331,3.397
0.18,3.089,1.276,0.156,0.157,0.157,4.283,5.552,2.261,0.607,0.835,5.631,4.763,3.981,3.021
0.18,0.835,1.142,0.155,0.151,0.153,4.441,4.766,2.239,0.676,0.867,8.398,3.822,3.421,3.385
0.193,0.563,1.434,0.16,0.153,0.145,4.465,4.924,3.733,0.605,0.861,5.448,4.124,3.244,10.881
0.18,1.754,1.137,1.382,0.151,0.154,8.039,5.107,2.595,0.614,0.836,6.092,3.73,3.209,3.147
0.184,0.519,1.169,0.152,0.147,0.158,4.271,5.056,2.292,0.606,0.858,5.727,4.502,4.366,3.78
0.188,0.567,1.995,0.323,0.163,0.156,4.408,4.916,2.417,0.624,0.862,5.771,4.131,3.491,3.21
0.186,0.538,1.451,0.16,0.149,0.196,5.385,6.59,3.479,0.75,0.886,7.47,5.043,3.655,3.345
0.188,0.536,1.603,0.171,0.157,0.155,10.604,6.875,2.256,1.422,0.874,10.948,6.206,4.426,4.574
0.188,0.568,1.346,0.16,0.169,0.157,5.179,5.519,2.282,0.629,0.873,6.83,8.087,3.305,3.322
0.189,0.617,1.483,0.165,0.159,0.156,5.06,6.407,2.221,0.625,1.022,5.914,8.333,3.299,3.237
0.186,0.546,1.504,1.669,0.156,0.355,4.56,4.889,2.837,0.629,0.868,5.961,6.247,7.283,4.177
0.188,0.642,1.272,0.293,0.155,0.155,6.711,5.831,4.749,0.611,0.834,7.227,5.998,3.412,2.99
0.181,0.534,1.525,0.162,0.148,0.15,9.9,6.082,2.687,0.604,0.855,7.107,4.779,3.35,3.074
0.18,0.537,3.186,0.156,0.152,0.152,6.51,5.73,2.485,0.606,0.855,6.18,4.063,3.347,3.186
0.181,0.521,1.167,0.161,0.15,0.154,4.845,5.352,2.273,0.713,0.849,5.761,3.741,3.898,3.226
0.181,0.554,1.521,0.16,0.162,0.154,5.026,8.694,2.493,0.669,0.872,6.267,5.982,4.312,6.772
0.18,0.55,1.375,0.159,0.162,0.152,5.739,5.147,4.264,0.616,1.143,6.607,5.389,4.57,3.462
0.179,0.512,1.302,0.161,0.159,0.354,123.043,6.459,2.913,0.63,0.881,6.008,7.735,4.083,3.451
0.187,0.551,1.545,0.163,0.151,0.154,5.406,5.657,6.034,2.388,0.873,6.688,4.223,3.565,3.284
0.179,0.78,1.145,0.153,0.149,0.148,8.171,5.542,2.733,0.596,1.15,5.511,4.473,3.613,3.157
0.254,0.507,1.421,0.169,0.164,0.143,4.843,5.733,5.431,0.578,0.855,6.697,4.87,3.353,3.005
0.2,0.529,1.239,0.15,0.248,0.168,5.164,6.764,2.146,0.577,0.793,5.377,3.592,4.064,3.498
0.174,0.498,2.163,0.161,1.455,0.147,5.949,4.621,3.929,0.829,0.815,8.028,5.999,3.693,2.98
0.172,0.494,1.977,0.156,0.141,0.162,4.337,5.592,2.128,0.844,0.796,6.529,4.343,3.651,4.925
0.173,0.508,1.368,0.149,0.25,0.149,4.336,4.924,2.155,0.599,0.872,6.119,9.168,3.108,3.012
0.217,0.579,2.531,0.153,0.149,0.145,5.824,5.463,9.451,0.905,0.827,10.041,4.354,4.35,3.389
0.437,0.537,1.844,0.156,0.142,0.148,4.711,4.703,2.204,0.712,0.822,6.967,6.949,3.11,4.244
0.177,4.327,1.426,0.155,0.157,0.152,5.254,4.83,4.397,0.587,0.808,7.175,3.818,3.704,4.568
0.174,0.507,2.596,0.154,0.15,0.659,5.742,5.13,3.596,0.594,8.42,5.754,7.092,5.161,3.171
0.503,0.581,1.436,0.168,0.223,0.149,4.432,5.723,2.803,0.651,0.866,10.062,5.175,3.384,4.162
0.186,0.548,1.494,0.168,0.152,0.145,4.823,8.539,2.297,0.618,0.832,5.923,3.777,3.53,3.081
0.867,0.645,1.656,0.325,0.483,0.189,11.217,10.9,4.531,0.795,1.525,9.48,5.573,5.255,6.556
0.199,0.622,2.531,0.174,0.169,0.164,4.788,6.223,2.611,0.668,0.933,6.68,4.624,3.529,3.482
0.254,0.571,1.214,0.173,0.167,0.168,4.563,5.365,2.723,0.683,1.004,7.689,10.604,3.374,3.58
0.194,0.585,1.362,0.166,0.162,0.167,7.49,6.151,3.179,0.908,0.88,6.762,4.158,3.56,6.076
0.187,0.558,1.84,0.159,0.157,0.155,5.439,5.634,4.271,0.632,0.862,7.008,3.781,3.852,3.692
0.181,0.538,1.422,0.175,0.176,0.151,9.299,8.948,5.838,0.705,2.833,10.037,5.347,4.237,3.013
0.179,0.529,1.062,0.162,0.154,0.154,4.832,5.236,2.791,0.636,0.861,5.677,6.835,3.766,3.157
0.182,0.922,1.444,0.158,0.153,0.161,5.269,4.706,2.185,0.607,1.019,5.776,4.195,3.418,3.073
0.229,0.516,2.009,0.156,0.147,0.152,4.933,5.13,3.653,1.034,1.214,5.534,4.86,3.231,8.242
0.186,0.538,1.615,0.154,0.154,0.155,4.503,5.434,4.19,0.614,2.262,5.859,3.888,3.551,3.324
0.181,2.195,1.313,0.157,0.147,0.153,4.717,4.766,3.435,0.611,0.834,7.517,4.412,3.23,3.818
0.181,0.534,1.569,0.164,0.159,0.152,5.288,4.99,4.914,0.883,1.073,5.978,4.131,4.549,3.527
0.475,0.538,2.121,2.098,0.162,0.201,4.941,7.15,6.501,0.627,8.694,6.607,4.527,3.891,3.445
0.193,1.297,2.455,0.292,0.164,0.928,18.547,5.81,2.852,0.804,0.894,138.826,12.652,5.835,4.485
0.199,0.568,1.394,0.181,0.165,0.164,7.059,5.629,2.903,0.659,0.914,7.739,4.879,3.505,3.922
0.198,0.599,1.629,0.185,0.165,0.164,5.553,5.356,4.398,0.716,0.932,9.619,5.47,3.498,4.913
0.193,2.229,2.628,0.175,0.165,1.947,9.718,6.831,3.826,0.645,0.903,6.179,6.3,3.491,4.015
0.184,0.554,1.499,0.164,1.745,0.152,5.883,6.193,3.715,0.631,0.871,6.531,5.345,8.027,3.934
0.186,0.551,2.083,0.164,0.293,0.156,5.67,4.879,2.655,0.646,0.856,8.469,5.865,4.456,2.998
0.184,0.547,1.071,0.17,0.156,0.156,4.713,5.17,3.311,0.838,0.868,6.4,3.936,3.54,3.491
0.184,0.543,1.889,0.167,0.158,0.208,9.197,7.397,6.113,0.646,0.937,6.804,5.29,3.295,3.349
0.186,0.556,1.964,0.19,0.17,0.149,6.186,5.202,3.302,0.772,0.929,7.019,4.345,3.372,2.998
0.181,0.75,1.573,0.158,0.333,0.145,6.483,5.859,3.155,0.822,1.043,8.524,3.96,4.63,3.322
0.18,0.551,1.46,0.16,0.151,0.151,4.437,5.259,4.19,0.605,1.903,5.924,4.25,3.743,3.934
0.186,0.516,1.524,0.158,0.152,0.164,5.158,7.447,16.049,0.692,0.828,6.235,3.823,3.417,3.234
0.289,1.561,1.458,0.164,0.158,0.156,5.101,5.149,2.714,0.633,0.858,6.445,3.933,3.252,3.461
0.299,0.556,2.151,0.164,0.15,0.153,5.037,6.109,6.871,0.655,3.462,7.368,4.38,4.289,3.688
0.228,0.581,4.584,0.16,0.159,0.151,28.959,7.502,3.333,0.638,0.871,11.242,3.862,3.34,3.297
0.188,0.539,1.983,0.159,1.004,0.157,4.663,6.451,2.301,1.931,0.876,7.533,9.694,3.556,3.056
0.186,0.554,1.481,0.161,0.155,0.159,5.014,6.508,3.095,0.626,1.117,6.687,5.011,4.477,3.087
0.187,0.55,1.453,0.164,0.153,0.154,4.59,4.807,2.844,0.625,1.115,6.622,5.606,3.457,4.447
0.188,0.543,1.781,0.163,0.152,0.159,4.667,5.176,3.904,0.634,2.448,6.597,4.626,3.325,3.739
0.187,0.541,1.302,0.161,0.158,0.158,4.629,9.757,4.589,0.64,0.878,6.023,6.094,3.329,3.984
0.18,0.536,1.075,0.161,0.155,0.152,4.154,5.306,2.258,0.624,0.876,5.58,5.55,3.328,3.027
0.182,0.544,1.56,0.159,0.151,0.151,4.895,4.907,3.667,0.939,0.999,8.131,4.363,3.525,4.373
0.186,0.519,1.277,0.212,0.154,0.153,4.505,4.988,2.772,0.837,0.84,7.438,4.679,4.121,3.226
0.184,1.148,1.319,0.154,0.154,0.152,5.793,6.865,5.828,0.694,0.842,6.58,7.582,3.86,3.094
0.18,0.521,2.848,0.273,0.149,0.276,5.252,5.593,2.787,0.619,1.266,7.879,5.6,3.279,3.197
0.184,0.514,1.296,0.158,0.159,0.154,4.237,4.684,2.568,1.95,0.852,6.705,4.228,3.502,3.046
0.184,0.527,2.766,0.653,0.192,0.161,4.438,6.364,5.213,0.714,0.836,5.577,4.324,3.253,3.2
