native,quick,merge,bubble,insertion,selection,counting,counting2,heap,radix,gnome,shell,shaker,lodash
1.461,0.735,1.967,4.662,2.177,2.651,0.344,0.262,4.487,1.171,3.18,1.874,4.087,6.01
1.381,0.984,1.821,6.742,2.204,2.355,0.248,0.212,2.146,1.087,3.172,2.012,4.396,4.759
1.337,0.879,2.455,6.415,1.964,2.778,0.243,0.189,2.181,0.99,3.177,1.672,3.754,4.309
1.296,0.868,7.545,5.262,2.03,2.729,0.24,0.191,3.552,0.972,3.019,1.842,4.008,5.302
1.332,0.908,1.905,4.876,2.084,2.595,0.296,0.202,2.722,0.986,3.167,1.736,3.737,4.534
1.308,0.877,6.766,4.735,2.057,2.813,0.251,0.192,2.297,1.022,3.824,1.732,3.857,4.858
0.977,0.912,1.797,5.114,1.992,2.704,0.249,0.215,2.108,1.021,3.204,1.738,3.65,4.999
1.281,0.906,1.813,7.019,2.053,3.538,0.25,0.192,2.084,1.008,3.046,1.751,3.99,5.734
1.314,0.879,5.088,5.664,1.967,2.638,0.246,0.193,2.201,1.017,3.179,1.727,3.911,6.77
1.367,0.873,2.224,4.806,2.039,2.602,0.242,0.203,2.116,0.969,3.108,1.74,3.924,5.001
0.864,0.934,2.085,5.877,2.098,3.269,0.252,0.205,6.767,1.157,3.337,1.689,3.789,4.66
1.39,1.028,1.879,5.27,1.865,3.018,0.342,0.194,3.785,0.982,3.32,1.833,3.73,5.683
1.285,0.939,1.873,5.192,2.009,2.613,0.243,0.193,2.091,1.032,3.015,1.656,3.589,4.071
1.358,0.988,1.819,5.378,2.27,2.595,0.244,0.192,3.687,1.01,3.054,1.891,3.908,4.713
1.303,0.992,1.843,4.605,2.755,2.756,0.246,0.194,2.088,1.026,2.988,1.706,3.716,7.12
0.871,0.974,3.167,4.618,2.164,2.577,0.254,0.189,2.092,1.013,3.307,1.739,3.815,6.811
1.715,1.162,1.847,5.253,3.919,2.652,0.274,0.204,2.059,1.024,3.294,1.775,4.187,4.893
1.276,0.956,7.323,4.805,2.827,2.463,0.242,0.208,2.18,1.825,3.211,1.81,3.718,5.92
1.348,0.878,1.975,5.68,2.569,2.666,0.26,0.193,2.063,0.987,3.148,1.738,3.697,5.069
1.356,0.911,1.818,4.631,2.09,3.157,0.344,0.192,2.09,0.986,3.05,1.737,3.915,6.22
1.378,0.896,3.31,4.938,2.082,3.306,0.246,0.191,3.941,1.012,3.13,1.752,3.685,6.248
1.341,0.873,1.814,5.631,2.117,2.453,0.308,0.196,2.078,0.999,3.261,1.73,4.04,8.417
1.292,0.886,1.956,6.01,2.154,2.548,0.318,0.213,2.158,0.983,3.244,1.745,3.775,4.683
0.897,1.175,1.902,6.085,2.614,2.626,0.264,0.206,2.073,1.193,3.873,1.736,3.601,8.41
1.413,1.061,2.558,4.69,2.474,3.404,0.249,0.192,2.05,0.967,3.196,1.804,3.626,5.703
1.349,1.266,2.429,4.569,2.115,2.479,0.25,0.191,3.868,0.968,3.115,1.758,3.957,6.586
1.436,0.702,2.305,5.508,2.017,2.657,0.25,0.231,2.944,1.049,3.203,2.554,5.548,4.863
1.452,0.853,1.915,5.264,2.336,2.66,0.259,0.207,4.926,1.753,4.732,1.766,3.936,5.566
1.698,0.888,2.238,4.767,1.965,2.658,0.241,0.227,2.197,1.041,3.164,1.723,7.367,5.171
1.544,1.001,5.827,5.813,2.38,2.49,0.268,0.213,4.362,0.978,3.175,1.79,4.839,5.208
1.34,1.075,1.914,6.139,2.043,2.948,0.242,0.192,4.324,0.979,3.386,1.701,4.281,5.003
1.306,1.044,2.318,4.905,2.127,3.184,0.262,0.197,2.34,1.208,3.247,1.789,3.567,5.378
0.882,1.047,2.45,4.803,2.02,2.563,0.241,0.19,2.172,0.964,3.159,1.8,3.633,5.18
1.367,1.012,2.308,5.189,2.061,2.926,0.249,0.202,2.11,0.983,3.043,1.697,3.835,3.813
0.886,0.919,2.19,4.658,2.091,2.768,0.362,0.19,2.977,0.985,3.084,1.985,3.868,4.731
1.436,0.878,1.901,6.794,2.014,2.812,0.243,0.188,2.049,0.961,3.133,1.785,3.743,4.441
1.786,0.998,1.915,9.782,3.075,2.858,0.247,0.191,3.798,0.983,3.262,1.789,4.181,4.779
1.352,0.854,1.913,5.439,2.458,2.521,0.251,0.223,2.387,0.986,3.589,1.83,3.876,4.81
1.378,0.897,2.139,6.089,1.907,2.724,0.32,0.193,2.543,0.992,3.111,1.798,3.618,5.021
1.425,0.912,1.832,5.326,2.137,2.584,0.237,0.187,2.232,0.968,3.247,1.681,3.734,5.163
1.402,1.016,2.144,4.623,2.513,2.923,0.249,0.189,4.82,0.981,3.34,1.685,3.924,5.464
1.393,1.004,2.08,4.898,2.055,2.822,0.242,0.188,3.594,0.978,3.492,1.741,3.846,8.408
1.47,0.859,1.916,4.911,2.073,2.634,0.242,0.191,2.194,0.964,3.972,1.781,4.077,5.274
0.852,1.019,3.217,5.771,1.967,3.334,0.242,3.254,3.909,0.965,3.367,1.815,3.773,5.457
1.296,0.869,1.891,6.279,2.082,2.99,0.255,0.201,2.741,0.977,3.032,1.75,3.835,5.285
1.319,0.941,2.095,4.578,2.374,2.645,0.454,0.196,2.226,1.07,3.999,1.796,3.732,4.647
1.387,0.881,2.282,4.674,2.356,2.542,0.249,0.19,2.64,0.974,3.395,1.81,4.049,5.23
1.546,0.977,1.871,5.394,1.997,2.741,0.237,0.19,2.204,1.085,3.398,1.785,3.934,4.246
0.869,1.185,1.807,4.847,2.073,2.869,0.237,0.189,2.837,0.978,3.324,1.685,4.111,4.94
0.915,0.921,2.197,5.641,2.126,2.503,0.26,0.211,2.128,1.013,3.408,1.924,4.107,4.669
1.46,1.473,1.892,5.118,2.026,2.909,0.237,0.195,2.082,1.001,3.096,1.681,3.596,4.853
0.938,1.302,1.802,5.697,2.036,2.814,0.242,0.194,2.162,0.992,3.558,1.641,3.752,7.345
1.555,1.533,2.751,7.917,2.355,3.671,0.254,0.199,3.254,1.405,4.234,2.179,4.072,6.731
1.28,0.863,2.427,6.241,2.086,2.471,0.26,0.198,3.476,0.998,3.288,2.305,3.721,4.324
1.622,0.866,9.12,7.089,2.038,2.947,0.268,0.188,2.104,1.035,3.229,1.764,3.801,5.243
1.284,0.834,2.509,5.317,2.122,2.628,0.246,0.189,6.603,1.033,3.16,1.701,3.555,4.311
1.305,0.646,4.169,5.508,2.107,2.768,0.346,0.198,2.853,0.973,3.344,1.825,3.734,6.467
1.338,0.88,1.868,4.632,2.281,2.545,0.25,0.191,2.311,0.963,3.062,1.752,3.818,5.93
1.454,0.644,1.835,6.514,2.112,2.991,0.245,0.204,2.973,1.186,2.989,1.989,4.065,8.901
1.449,0.897,1.861,5.609,1.839,3.025,0.247,0.188,2.066,0.967,3.121,1.78,3.799,4.415
1.237,0.953,1.862,4.733,2.055,2.743,0.241,0.194,2.086,0.994,3.287,1.647,3.89,5.562
1.455,0.87,8.927,5.958,2.208,2.553,0.267,0.198,2.115,1.146,3.139,1.729,6.223,6.178
1.427,1.044,2.497,4.602,2.094,2.647,0.243,0.186,2.048,1.07,3.672,1.739,3.836,5.052
1.278,0.847,1.875,4.72,1.937,2.658,0.248,0.189,3.424,0.984,3.113,1.837,3.812,4.558
1.34,0.935,8.003,4.981,2.596,2.469,0.26,0.202,4.805,1.293,3.096,1.859,3.855,5.801
1.309,0.922,10.203,5.513,2.145,2.504,0.238,0.186,2.104,0.962,3.354,1.82,3.792,4.343
0.842,1.01,2.399,4.948,2.032,2.528,0.243,0.186,3.372,0.992,3.064,1.676,3.58,5.096
2.668,1.537,2.135,6.243,2.047,2.639,0.236,0.188,3.958,0.983,3.214,1.967,3.668,6.082
1.397,0.843,1.854,4.978,2.14,2.775,0.344,0.201,2.947,1.141,3.561,1.745,3.804,5.387
1.314,1.377,7.845,4.966,2.827,2.851,0.237,0.196,2.111,1.01,3.397,1.775,4.06,4.655
1.376,0.93,2.511,6.314,2.217,2.738,0.252,0.189,2.152,0.996,3.095,1.904,3.853,4.574
1.365,0.872,1.896,5.038,2.047,2.518,0.246,0.188,3.301,1.024,3.373,1.987,3.612,7.034
1.339,1.135,1.852,6.779,1.893,3.494,0.247,0.201,2.191,1.059,3.278,1.75,3.741,7.109
1.456,1.069,7.686,5.595,2.227,2.633,0.242,0.2,2.891,1.057,3.842,1.703,3.736,6.549
2.052,1.522,2.078,8.884,3.17,3.297,0.263,0.188,3.854,0.963,3.499,1.995,3.625,5.155
1.339,3.412,2.233,4.813,2.216,2.651,0.375,0.286,2.31,1.07,3.272,1.876,3.971,5.745
1.357,0.878,2.404,4.571,2.232,2.406,0.237,0.186,2.111,0.994,3.156,1.679,3.828,4.534
1.374,1.165,2.107,5.542,2.249,2.712,0.237,0.19,4.354,0.985,3.063,1.739,3.708,5.503
1.267,0.879,14.121,4.478,2.1,2.653,0.234,0.186,2.238,1.013,3.126,1.695,3.705,5.986
1.765,1.102,1.824,8.096,2.16,2.416,0.238,0.186,2.048,0.967,3.329,1.725,4.934,5.084
0.865,0.938,2.156,4.559,2.009,2.522,0.241,0.187,2.058,0.974,2.895,1.688,3.633,6.89
1.383,0.836,2.083,5.532,2.348,2.616,0.234,0.183,2.065,0.956,3.093,1.852,3.724,5.452
0.927,1.211,1.794,4.429,1.994,2.648,0.241,0.186,2.07,1.016,3.16,1.652,3.614,4.867
1.999,0.887,1.84,4.855,1.977,3.552,0.234,0.196,2.04,1.18,3.252,1.638,3.623,5.327
1.399,0.64,2.346,4.842,1.954,2.911,0.234,0.186,2.028,0.975,3.179,1.718,3.751,5.892
1.435,1.096,1.885,4.756,1.85,2.651,0.234,0.19,2.062,1.114,3.035,1.666,3.588,6.666
1.337,1.137,2.595,5.284,2.197,2.464,0.341,0.194,2.039,1.043,3.391,1.751,4.601,4.835
1.339,1.065,7.353,6.044,2.086,3.736,0.243,0.19,4.474,3.549,3.061,1.724,3.693,5.3
1.407,0.855,1.859,4.464,1.96,2.526,0.258,0.199,2.337,1.107,3.086,1.931,3.772,5.426
0.811,0.942,1.857,5.423,2.094,2.408,0.252,0.321,2.096,0.992,2.989,1.739,4.424,6.087
1.365,0.882,1.899,4.652,2.094,2.514,0.237,0.186,2.173,1.207,3.066,1.657,3.577,6.263
1.54,1.01,4.579,7.025,2.008,5.092,0.272,0.215,2.184,0.947,3.106,1.777,3.99,4.436
1.274,0.86,1.865,5.261,1.881,2.625,0.237,0.189,2.062,0.98,3.082,1.723,3.641,4.406
1.313,0.953,1.869,9.083,2.467,2.682,0.237,0.226,2.123,0.98,3.132,1.75,3.823,4.063
1.085,0.973,2.464,8.405,2.006,2.74,0.339,3.214,2.062,0.999,3.798,1.938,3.904,4.768
1.286,0.837,2.461,5.9,1.999,2.806,0.25,0.193,2.064,0.949,3.374,2.057,3.726,4.878
1.047,1.01,1.935,4.595,3.677,2.556,0.263,0.198,2.256,1.005,2.933,1.742,3.635,4.886
0.839,0.943,1.909,4.697,2.072,2.389,0.343,0.191,2.2,0.962,3.149,1.671,4.258,6.174
1.405,0.918,1.878,4.883,2.173,2.536,0.244,0.19,2.191,0.972,3.213,1.751,4.084,4.569
1.298,0.855,7.154,5.277,1.949,2.734,0.235,0.188,4.435,0.971,2.988,1.736,3.846,5.971
1.395,0.861,1.833,5.896,2.42,2.633,0.446,0.206,2.865,0.982,4.505,1.681,3.813,5.89
1.375,1.042,1.881,4.449,2.058,2.419,0.237,0.257,3.909,0.966,3.191,1.759,3.789,6.177
3.176,1.557,3.112,8.759,3.776,3.679,0.255,0.201,2.337,1.794,5.137,2.038,4.213,5.131
1.351,0.895,2.326,5.164,1.955,2.786,0.236,0.197,2.875,0.976,3.264,1.735,3.758,6.137
1.459,1.066,2.716,4.961,1.728,2.787,0.246,0.187,2.068,0.971,2.992,1.583,4.305,4.726
1.399,0.861,1.802,4.696,3.049,2.696,0.243,0.187,2.081,0.959,3.156,1.71,3.787,4.545
2.348,1.01,1.842,4.586,2.288,2.59,0.246,0.192,2.164,0.99,3.047,1.752,3.682,4.621
1.253,0.938,2.692,5.658,1.99,2.687,0.238,0.191,2.038,0.99,3.064,1.767,3.673,4.207
1.382,0.835,1.791,4.959,3.67,2.867,0.237,0.186,2.114,0.984,2.934,1.765,3.76,5.781
1.481,0.886,1.857,5.459,2.201,2.716,0.335,0.201,2.079,0.956,3.088,1.663,3.696,6.31
1.298,0.938,1.855,5.919,2.088,2.623,0.273,0.194,4.272,1.043,3.177,1.729,3.605,4.618
1.472,1.052,1.897,6.415,1.905,3.368,0.243,0.187,2.049,1.683,3.178,1.726,5.153,6.822
1.349,2.934,2.288,4.668,2.184,2.647,0.291,0.192,2.069,0.976,3.078,1.742,3.937,5.906
1.655,1.589,1.86,3.971,2.069,2.632,0.356,0.187,2.08,0.975,3.203,2.348,3.97,7.225
1.261,0.917,1.862,4.783,2.029,3.109,0.472,0.324,2.114,0.989,3.159,1.673,3.693,4.147
2.325,1.906,2.096,5.266,8.918,2.828,0.389,0.304,2.279,1.089,3.409,1.735,3.806,5.304
1.671,0.927,1.989,4.76,2.313,2.433,0.241,0.2,2.396,1.116,3.401,1.79,4.031,5.043
1.353,1.078,1.917,4.837,4.183,3.586,0.252,0.236,2.916,1.146,3.21,2.623,4.388,5.027
1.513,0.675,7.924,4.782,2.269,2.723,0.248,0.192,3.861,0.99,3.268,1.8,3.653,4.927
1.274,0.876,1.816,4.909,2.102,2.425,0.258,0.205,2.141,1.04,3.138,1.599,3.861,5.267
1.375,1.093,2.707,5.738,2.089,2.831,0.247,0.382,2.097,0.978,3.006,1.75,3.66,5.598
1.357,1.276,5.223,5.865,2.143,3.527,0.246,0.189,5.302,0.983,3.148,1.767,3.706,6.19
1.312,0.968,2.402,5.442,1.882,3.092,0.296,0.211,2.095,0.993,3.677,1.895,3.689,4.471
1.463,1.206,2.026,5.327,2.112,3.27,0.436,0.209,5.445,1.085,4.122,2.629,5.721,6.509
1.331,0.98,2.083,5.091,2.527,2.736,0.31,0.2,2.191,0.967,3.203,1.74,3.966,6.171
0.854,1.138,1.806,5.068,2.06,2.847,0.243,0.192,2.421,0.988,3.547,1.809,3.785,5.101
1.335,0.854,7.43,5.663,2.05,2.515,0.345,0.185,2.725,1.051,3.196,1.789,3.834,4.455
1.562,0.926,1.859,4.642,1.992,3.29,0.28,0.205,2.222,1.053,3.06,1.7,4.496,4.578
1.323,1.241,1.853,4.549,2.081,2.575,0.268,0.186,2.121,1.136,3.232,1.764,3.863,5.074
1.714,1.633,2.569,5.217,1.947,3.887,0.245,0.187,2.194,1.138,3.151,1.589,4.133,6.664
1.292,0.955,1.869,6.745,2.134,2.459,0.265,0.214,2.78,1.012,3.074,1.752,3.64,5.796
1.659,1.03,2.65,6.289,1.955,3.021,0.24,0.187,2.104,1.019,3.583,2.071,4.053,5.444
1.349,0.685,1.884,4.806,1.994,2.714,0.25,0.185,2.127,0.973,3.171,1.573,3.854,5.182
1.383,0.847,1.838,4.961,2.95,2.641,0.252,3.798,2.083,0.961,3.046,1.994,4.438,4.795
1.302,0.867,1.802,4.767,2.057,2.736,0.238,0.184,2.119,0.973,3.011,1.639,3.927,4.604
1.404,0.884,1.831,5.1,1.883,2.519,0.242,0.186,2.054,0.983,3.489,1.709,3.634,5.715
1.257,1.292,6.898,5.215,2.032,2.441,0.244,0.191,2.243,3.973,3.045,1.715,3.646,5.042
1.452,1.629,2.428,5.389,3.086,2.728,0.509,0.202,2.236,1.041,3.212,1.606,3.707,4.634
1.37,1.076,2.235,5.175,2.026,2.741,0.242,0.192,2.11,0.98,3.001,1.762,4.115,6.341
1.506,1.812,1.874,5.052,2,2.511,0.24,0.199,2.418,0.964,3.202,1.876,4.071,5.491
1.345,1.011,2.93,4.571,2.007,2.494,0.242,0.193,2.14,0.995,3.066,1.753,3.8,5.399
1.364,1.005,1.859,5.287,1.86,3.931,0.262,0.319,2.096,0.981,3.067,1.669,3.757,5.831
1.408,0.865,1.809,7.037,1.954,3.791,0.271,0.197,2.079,0.981,3.069,1.626,6.235,4.936
1.264,0.978,2.318,4.573,2.728,2.74,0.253,0.206,2.172,0.962,3.149,1.838,3.663,3.769
0.918,0.913,2.339,6.442,2.102,3.02,0.239,0.235,2.063,0.982,3.143,1.729,3.697,6.289
1.3,0.943,1.817,4.475,2.05,2.678,0.247,0.259,2.067,0.972,2.985,1.783,4.009,8.552
1.267,0.86,1.844,4.839,2.094,2.754,0.25,0.191,2.122,0.974,3.13,1.787,3.727,6.054
0.873,1.237,2.036,4.775,2.082,3.427,0.266,0.198,2.593,0.962,3.022,1.621,3.818,6.336
1.425,1.544,2.341,4.745,1.934,4.609,0.247,0.227,2.114,0.966,4.864,1.814,4.054,5.568
1.411,0.904,5.729,4.908,2.081,2.538,0.339,0.191,3.487,0.963,3.128,1.709,3.637,5.26
0.937,1.18,1.882,5.232,2.21,2.886,0.241,0.192,2.382,0.98,3.051,1.767,3.834,5.507
0.988,1.623,2.262,6.029,2.631,4.359,0.239,0.192,2.375,0.964,3.102,1.984,3.584,5.641
1.271,0.869,1.884,5.242,2.277,2.726,0.249,0.185,2.12,0.963,3.015,2.184,4.393,11.318
1.279,0.852,2.091,6.02,2.527,2.441,0.249,0.185,4.482,0.996,3.285,2.152,4.323,6.407
1.424,1.016,1.864,4.786,1.876,2.698,0.249,0.186,2.205,1.003,3.049,1.915,3.728,4.406
1.361,0.905,2.25,4.515,2.077,2.62,0.242,0.214,4.017,0.999,3.172,1.694,3.559,4.977
1.405,0.944,1.892,6.137,1.993,2.626,0.248,0.204,2.938,0.975,3.266,1.812,3.524,6.341
1.294,0.973,1.813,4.833,2.773,2.858,0.244,0.193,2.108,0.953,3.173,1.775,3.763,5.931
0.815,0.926,2.024,4.725,2.036,3.18,0.238,0.191,2.186,0.961,3.054,1.779,3.756,5.373
1.638,0.974,1.858,5.818,2.096,2.711,0.472,0.204,2.692,1.018,3.177,1.721,3.698,5.083
0.843,0.909,6.369,4.835,2.05,2.463,0.344,0.19,2.042,4.019,3.206,1.731,3.822,4.177
1.417,0.992,1.83,5.069,2.05,2.423,0.289,0.203,2.946,1.095,3.14,1.626,3.754,5.452
1.371,0.939,1.87,5.439,1.905,2.687,0.238,0.247,2.14,0.964,3.095,1.788,3.981,6.186
1.352,0.867,1.891,4.604,2.07,2.606,0.24,0.194,2.073,0.991,3.423,1.745,3.587,5.79
1.439,0.846,1.844,6.637,1.8,3.579,0.245,0.185,2.092,0.964,3.148,1.625,3.681,4.176
0.884,1.041,2.279,5.411,1.936,3.831,0.251,0.194,2.069,0.959,3.429,2.167,4.825,5.376
1.37,0.996,6.482,4.904,2.183,2.699,0.3,0.193,2.124,0.983,3.005,1.759,3.702,5.512
1.332,1.011,1.804,4.529,1.974,2.638,0.238,0.186,2.11,1.013,3.198,1.791,4.428,8.448
1.35,0.989,1.912,6.357,2.164,2.661,0.238,0.189,2.091,0.996,3.111,1.673,4.062,6.381
1.669,0.902,2.329,5.402,2.056,2.537,0.249,0.353,4.39,0.976,3.039,1.724,3.757,5.505
1.298,0.942,1.858,4.56,3.026,2.506,0.237,0.188,3.933,0.96,3.093,1.797,4.088,5.66
1.252,0.923,2.252,5.102,2.019,2.61,0.334,0.199,2.439,1.127,3.723,1.785,3.621,4.01
1.391,0.898,1.807,4.825,2.063,2.663,0.239,0.186,6.255,1.067,3.183,1.755,3.681,6.947
0.84,0.897,1.791,4.731,1.921,2.791,0.233,0.195,3.786,0.967,3.166,1.559,4.444,3.996
1.323,1.05,1.895,5.56,2.145,2.543,0.263,0.278,2.068,0.987,3.098,1.726,3.673,4.337
1.35,0.898,1.838,4.997,2.223,2.526,0.44,0.425,2.989,1.029,2.899,1.699,3.913,5.982
1.045,0.951,1.84,5.854,2.214,2.87,0.241,0.198,4.136,0.966,3.28,1.677,3.746,4.123
0.821,0.94,6.724,5.865,1.954,2.83,0.24,0.19,2.095,4.012,2.894,1.737,4.473,7.353
1.331,0.857,1.804,4.698,2.424,2.57,0.24,0.193,2.151,0.986,3.118,1.718,3.643,5.293
1.336,0.85,1.801,4.707,2.114,2.883,0.251,0.191,2.112,0.979,3.125,1.75,4.054,4.36
0.88,0.984,1.846,4.888,2.551,2.753,0.245,0.189,2.247,0.957,3.333,1.782,3.762,4.713
1.375,0.858,1.892,5.474,2.046,2.421,0.243,0.222,3.433,1.008,3.078,1.738,3.699,5.487
0.992,0.95,5.601,4.882,2.193,2.777,0.439,0.261,2.361,1.101,3.2,1.837,3.791,5.964
1.343,1.031,1.952,6.834,2.077,2.531,0.245,0.198,2.133,1.056,3.096,1.719,3.756,4.87
1.405,1.103,1.97,4.615,2.122,2.721,0.243,0.196,3.438,1.038,3.728,1.74,3.644,4.288
1.658,0.797,2.219,5.831,2.601,3.133,0.325,0.351,2.603,1.104,3.286,1.693,3.596,5.397
1.307,0.867,1.827,5.724,2.103,2.918,0.263,0.209,3.427,1.517,3.301,2.192,3.954,7.467
1.38,1.609,7.002,5.906,1.84,2.847,0.244,0.194,2.082,1.045,3.221,1.88,4.141,4.356
0.831,0.918,1.826,4.957,2.099,2.617,0.241,0.192,3.949,1.088,3.032,1.734,5.656,7.705
0.896,0.99,1.889,4.862,2.023,2.734,0.241,0.193,2.211,1.036,3.252,1.771,3.98,5.563
0.851,0.912,1.884,5.122,1.991,6.286,0.407,0.36,3.228,1.788,4.877,2.574,7.393,6.128
1.887,1.632,3.027,4.862,2.287,3.333,0.244,0.197,2.082,1.04,3.072,1.793,3.706,3.959
1.435,0.857,5.881,6.564,2.19,2.497,0.242,0.198,2.217,1.027,3.171,1.712,3.86,6.825
1.051,0.887,2.677,5.428,2.136,2.703,0.365,0.189,2.145,1.048,3.143,1.894,3.813,5.32
1.489,1.088,3.077,4.976,2.325,4.093,0.244,0.207,2.983,1.213,5.558,1.834,3.806,5.796
1.278,0.966,1.818,4.558,2.632,2.856,0.246,0.197,4.554,1.05,3.128,1.786,3.877,4.381
1.298,0.845,1.851,4.711,1.933,2.696,0.271,0.192,2.155,1.119,3.211,1.876,3.798,4.39
1.362,1.021,1.858,4.331,2.089,2.42,0.241,0.193,2.549,1.345,3.376,2.153,3.837,4.324
0.902,0.87,2.292,4.874,2.099,2.563,0.262,0.197,4.88,1.041,3.13,1.578,3.909,5.194
0.877,0.744,5.257,5.213,2.036,2.825,0.365,0.268,2.495,1.094,3.108,1.956,3.849,7.393
1.357,0.84,2.312,5.457,1.993,2.706,0.256,0.227,2.099,0.979,3.14,1.748,3.692,5.351
1.559,0.852,5.127,6.283,2.634,2.679,0.271,0.198,2.156,0.997,3.102,1.884,3.717,5.387
1.393,0.894,1.829,6.069,2.13,2.688,0.249,0.211,2.162,1.008,3.178,1.751,3.789,7.222
0.836,0.901,1.837,5.106,2.035,2.383,0.243,0.193,3.874,1.058,3.441,1.623,3.739,5.969
1.759,0.877,5.012,5.293,2.097,2.731,0.248,0.192,2.277,3.84,3.09,1.676,3.604,4.024
1.568,0.866,2.311,8.298,2.125,5.028,0.254,0.213,2.681,1.027,4.005,1.823,3.84,11.54
1.309,0.895,5.638,5.969,2.044,2.762,0.271,0.195,2.159,0.982,3.471,1.726,3.93,4.907
1.429,1.298,2.055,5.845,3.149,2.957,0.341,0.256,2.464,1.069,3.343,1.84,3.956,5.958
0.915,0.786,2.315,4.963,2.183,2.937,0.367,0.335,2.299,1.266,3.285,1.949,3.85,5.911
1.416,1.022,1.834,6.671,2.119,2.459,0.281,0.207,2.084,0.974,3.237,1.817,3.696,6.657
3.367,1.582,4.003,5.121,2.52,3.009,0.247,0.21,4.305,1.216,2.934,1.719,5.567,8.116
1.389,0.944,5.505,6.447,2.109,2.881,0.256,0.212,2.145,1.116,3.303,1.863,3.872,8.828
1.689,1.024,2.15,9.041,2.108,2.85,0.246,0.3,4.337,0.982,3.549,1.919,3.906,5.3
1.418,0.914,1.911,5.579,2.165,2.523,0.249,0.187,2.292,0.988,3.305,1.809,3.626,4.703
1.413,0.896,1.972,5.669,1.929,4.291,0.247,0.195,2.101,1.046,3.186,1.576,3.803,4.517
1.512,0.857,1.952,4.806,4.929,3.14,0.248,0.194,2.085,0.998,3.111,1.657,3.719,5.282
1.444,0.969,1.884,4.808,2.444,2.868,0.249,0.227,2.062,0.991,3.156,1.796,3.718,4.609
1.505,0.929,2.19,5.253,1.969,2.657,0.248,0.193,2.142,1.276,3.46,1.597,3.701,5.097
1.295,0.881,6.176,4.637,2.056,2.672,0.256,0.196,2.193,0.976,3.164,1.908,3.842,4.958
1.328,0.913,2.535,4.864,2.044,2.799,0.447,0.196,5.665,1.025,3.284,1.867,3.641,7.398
1.312,0.927,1.872,6.957,1.922,3.117,0.243,0.192,2.13,0.986,3.031,1.811,3.618,4.738
1.33,1.035,1.829,4.996,2.125,2.816,0.259,0.214,2.598,1.164,3.158,1.7,3.792,5.691
0.856,0.947,2.52,4.665,1.901,2.482,0.245,0.189,2.116,0.964,3.012,1.833,3.675,5.453
1.297,0.894,1.848,4.742,1.909,2.533,0.249,0.19,2.652,0.985,3.149,1.8,3.678,5.653
1.491,0.887,1.879,4.621,1.938,2.622,0.245,0.22,2.127,1.029,3.607,1.841,3.694,4.892
1.437,0.932,2,5.802,2.231,2.513,0.244,0.205,2.571,4.471,3.029,2.271,3.821,5.378
1.331,2.22,1.909,364.938,2.047,3.129,0.252,0.194,2.542,1.041,3.339,1.792,3.705,5.13
1.37,0.845,1.787,6.109,1.972,2.861,0.255,0.188,2.201,0.972,2.998,1.629,3.851,4.773
1.279,0.866,7.999,4.702,2.32,2.611,0.25,0.189,2.116,1.015,3.15,1.747,3.757,5.264
1.501,0.963,5.174,4.836,2.521,3.057,0.35,0.303,3.151,1.116,3.23,1.886,3.936,6.355
0.871,0.94,5.194,5.37,2.171,2.504,0.245,0.248,2.585,1.155,3.249,2.008,4.524,4.989
1.058,0.899,2.786,4.557,2.256,2.707,0.252,0.193,3.506,1,3.408,1.698,4.381,5.674
1.313,0.67,1.993,5.393,2.189,2.63,0.248,0.193,2.581,1.064,3.059,1.756,4.02,5.05
1.353,1.471,2.035,4.479,2.034,2.547,0.247,0.188,2.065,1.01,3.123,1.781,3.724,6.807
1.368,1.089,2.173,4.741,2.195,2.781,0.238,0.21,2.174,0.968,3.132,1.68,3.594,5.746
0.842,0.741,1.961,4.968,2.042,2.505,0.244,0.184,2.056,0.974,3.246,1.722,3.742,5.754
1.322,1.087,1.992,6.355,1.991,2.814,0.323,0.21,2.746,1.09,3.041,1.672,3.777,5.136
1.306,0.653,2.764,4.637,2.05,2.892,0.24,0.198,2.046,0.991,3.22,1.76,3.627,7.714
1.453,0.884,1.977,4.764,2.181,2.734,0.243,0.187,2.104,1.053,3.166,1.702,3.851,5.876
0.963,0.731,5.482,5.875,2.047,2.972,0.348,0.255,2.366,1.191,3.281,1.846,3.851,5.263
0.852,0.95,2.015,5.328,2.203,3.202,0.265,0.212,2.751,1.032,3.03,1.701,3.889,4.23
1.422,1.192,2.055,5.569,2.022,2.742,0.367,0.286,2.244,0.992,3.064,1.722,3.733,5.933
0.874,1.161,7.154,4.744,2.35,2.608,0.338,0.339,3.035,1.096,3.184,1.838,3.871,6.549
1.374,1.209,2.004,5.947,2.212,2.428,0.241,0.193,2.128,1.108,3.226,1.748,3.674,4.31
1.431,1.077,2.523,5.709,5.175,3.602,0.413,0.209,3.672,1.009,3.425,1.96,3.799,5.024
1.298,1.025,2.218,5.043,1.809,3.3,0.253,0.201,5.225,0.998,3.121,1.689,3.76,4.469
1.98,0.783,1.928,5.215,2.208,2.941,0.372,0.264,2.386,1.148,3.223,1.93,3.85,7.047
1.382,0.752,2.098,5.101,2.357,3.279,0.388,0.393,2.436,1.102,3.207,1.962,4.077,5.954
1.634,0.737,2.211,5.309,3.494,2.926,0.466,0.334,3.139,1.244,4.082,2.165,4.427,7.076
2.433,0.787,5.021,5.088,2.451,2.752,0.392,0.334,2.47,1.122,3.352,1.961,4.27,7.089
